-- phpMyAdmin SQL Dump
-- version 4.0.10deb1
-- http://www.phpmyadmin.net
--
-- Хост: localhost
-- Время создания: Мар 03 2015 г., 15:48
-- Версия сервера: 5.5.41-0ubuntu0.14.04.1
-- Версия PHP: 5.5.9-1ubuntu4.6

SET SQL_MODE = "NO_AUTO_VALUE_ON_ZERO";
SET time_zone = "+00:00";


/*!40101 SET @OLD_CHARACTER_SET_CLIENT=@@CHARACTER_SET_CLIENT */;
/*!40101 SET @OLD_CHARACTER_SET_RESULTS=@@CHARACTER_SET_RESULTS */;
/*!40101 SET @OLD_COLLATION_CONNECTION=@@COLLATION_CONNECTION */;
/*!40101 SET NAMES utf8 */;

--
-- База данных: `pikabu`
--

-- --------------------------------------------------------

--
-- Структура таблицы `comment`
--

CREATE TABLE IF NOT EXISTS `comment` (
  `id` int(16) NOT NULL AUTO_INCREMENT,
  `post_id` int(16) NOT NULL,
  `user_id` int(16) NOT NULL,
  `parent_id` int(16) DEFAULT NULL,
  `text` text CHARACTER SET utf8 NOT NULL,
  `created` timestamp NOT NULL DEFAULT CURRENT_TIMESTAMP,
  `pluses_count` int(6) unsigned DEFAULT '0',
  `minuses_count` int(10) unsigned DEFAULT '0',
  `original_parent_id` int(16) DEFAULT NULL,
  PRIMARY KEY (`id`),
  KEY `post_id` (`post_id`),
  KEY `user_id` (`user_id`),
  KEY `original_parent_id` (`original_parent_id`)
) ENGINE=InnoDB  DEFAULT CHARSET=latin1 AUTO_INCREMENT=136 ;

--
-- Дамп данных таблицы `comment`
--

INSERT INTO `comment` (`id`, `post_id`, `user_id`, `parent_id`, `text`, `created`, `pluses_count`, `minuses_count`, `original_parent_id`) VALUES
(47, 46, 1, NULL, 'Word. The septuple head-spin! He''s just scratching. No one''s done more than a quadruple. rewind the tape. Crazy sucker. Phil, you''re hot. That was ice-cold, bro. Fry, if I ever see you try anything that crazy again… this crew might just have some new parachute pants. Stop hogging the clover. Let''s go find that clover. Which way to your house? The sign says we''re at 71 st Street. 71 st Street? Never heard of it. Downtown could be in any direction. We''ll just take a spin on the B-train.', '2015-02-23 00:33:46', 0, 1, NULL),
(48, 46, 1, NULL, 'Word. The septuple head-spin! He''s just scratching. No one''s done more than a quadruple. rewind the tape. Crazy sucker. Phil, you''re hot. That was ice-cold, bro. Fry, if I ever see you try anything that crazy again… this crew might just have some new parachute pants. Stop hogging the clover. Let''s go find that clover. Which way to your house? The sign says we''re at 71 st Street. 71 st Street? Never heard of it. Downtown could be in any direction. We''ll just take a spin on the B-train.', '2015-02-21 00:34:19', 0, 1, NULL),
(49, 46, 1, NULL, 'Word. The septuple head-spin! He''s just scratching. No one''s done more than a quadruple. rewind the tape. Crazy sucker. Phil, you''re hot. That was ice-cold, bro. Fry, if I ever see you try anything that crazy again… this crew might just have some new parachute pants. Stop hogging the clover. Let''s go find that clover. Which way to your house? The sign says we''re at 71 st Street. 71 st Street? Never heard of it. Downtown could be in any direction. We''ll just take a spin on the B-train.', '2015-02-21 00:34:19', 1, 0, NULL),
(50, 46, 1, NULL, 'Word. The septuple head-spin! He''s just scratching. No one''s done more than a quadruple. rewind the tape. Crazy sucker. Phil, you''re hot. That was ice-cold, bro. Fry, if I ever see you try anything that crazy again… this crew might just have some new parachute pants. Stop hogging the clover. Let''s go find that clover. Which way to your house? The sign says we''re at 71 st Street. 71 st Street? Never heard of it. Downtown could be in any direction. We''ll just take a spin on the B-train.', '2015-02-21 00:35:36', 0, 0, NULL),
(51, 46, 1, NULL, 'Word. The septuple head-spin! He''s just scratching. No one''s done more than a quadruple. rewind the tape. Crazy sucker. Phil, you''re hot. That was ice-cold, bro. Fry, if I ever see you try anything that crazy again… this crew might just have some new parachute pants. Stop hogging the clover. Let''s go find that clover. Which way to your house? The sign says we''re at 71 st Street. 71 st Street? Never heard of it. Downtown could be in any direction. We''ll just take a spin on the B-train.', '2015-02-21 00:35:37', 0, 0, NULL),
(52, 46, 1, NULL, '???? ?? ????? ??? ??? ???', '2015-02-21 00:52:37', 0, 0, NULL),
(53, 46, 1, NULL, '???? ?? ????? ??? ??? ???', '2015-02-21 00:52:38', 0, 0, NULL),
(54, 46, 1, NULL, '?????? ????????? ??????', '2015-02-21 00:53:44', 0, 0, NULL),
(55, 46, 1, NULL, '?????? ????????? ??????', '2015-02-21 00:54:27', 0, 0, NULL),
(56, 46, 1, NULL, '?????? ????????? ?????? 222', '2015-02-21 00:54:42', 0, 0, NULL),
(57, 46, 1, NULL, '?????? ????????? ?????? 222 333', '2015-02-21 00:54:54', 0, 0, NULL),
(58, 46, 1, 57, '??? ??? ??? ??1??232314?4???', '2015-02-21 00:58:59', 0, 0, NULL),
(59, 46, 1, 57, '??? ??? ??? ??1??232314?4???', '2015-02-21 00:59:00', 0, 0, NULL),
(60, 46, 1, 57, '??????? ?????? ???????? ?????????? ???????????11111', '2015-02-21 01:00:12', 0, 0, NULL),
(61, 46, 1, NULL, '??????? ?????? ???????? ?????????? ???????????11111', '2015-02-21 01:00:14', 0, 0, NULL),
(62, 46, 1, NULL, '??????????????', '2015-02-21 01:02:59', 0, 0, NULL),
(63, 46, 1, NULL, '??????????????', '2015-02-21 01:03:00', 0, 0, NULL),
(64, 46, 1, NULL, '???????????????121212', '2015-02-21 01:05:18', 0, 0, NULL),
(65, 46, 1, NULL, '???????????????121212', '2015-02-21 01:05:22', 0, 0, NULL),
(66, 46, 1, NULL, '? ??????????? ????????? ???', '2015-02-21 01:10:08', 0, 0, NULL),
(67, 46, 1, NULL, '?? ??? ??????? ??????', '2015-02-21 01:14:15', 0, 0, NULL),
(68, 46, 1, NULL, '??????????', '2015-02-21 01:14:29', 0, 0, NULL),
(69, 46, 1, NULL, '??????????', '2015-02-21 01:14:29', 0, 0, NULL),
(70, 46, 1, 69, 'фі вфів фів фівфівфів', '2015-02-21 01:20:27', 0, 0, NULL),
(71, 46, 1, NULL, 'фі вфів фів фівфівфів', '2015-02-21 01:20:27', 0, 0, NULL),
(72, 46, 1, NULL, 'йцуйцуйцуйцуйцуйцу', '2015-02-21 01:20:47', 0, 0, NULL),
(73, 46, 1, NULL, 'йцуйцуйцуйцуйцуйцу', '2015-02-21 01:22:06', 0, 0, NULL),
(74, 46, 1, NULL, 'фівфвіфівфівфів фів фівфів', '2015-02-21 01:27:27', 0, 0, NULL),
(75, 46, 1, NULL, 'цуавіаіваф віфвфів іфваіваіваіва', '2015-02-21 01:29:02', 0, 0, NULL),
(76, 46, 1, NULL, 'цуавіаіваф віфвфів іфваіваіваіва уавіааівафів фівфів', '2015-02-21 01:31:24', 0, 0, NULL),
(77, 46, 1, NULL, 'цуавіаіваф віфвфів іфваіваіваіва уавіааівафів фівфів', '2015-02-21 01:31:30', 0, 0, NULL),
(78, 46, 1, NULL, 'фівфівфівфів', '2015-02-21 01:32:52', 0, 0, NULL),
(79, 46, 1, NULL, 'фівфівфівфівфі ваіва іва іва іва ів аіва іва', '2015-02-21 01:33:02', 1, 0, NULL),
(80, 46, 1, NULL, 'іф вф вфів фів', '2015-02-21 01:34:12', 0, 0, NULL),
(81, 46, 1, NULL, 'фівфівфівфів', '2015-02-21 01:34:29', 0, 0, NULL),
(82, 46, 1, NULL, 'уцкаіваіваіва', '2015-02-21 01:34:53', 0, 0, NULL),
(83, 46, 1, NULL, 'чвпмвпавапвап', '2015-02-21 01:35:57', 0, 0, NULL),
(84, 46, 1, NULL, 'івапвапвпва', '2015-02-21 01:36:28', 0, 0, NULL),
(85, 46, 1, NULL, 'ьупфсщььььфівфвфів', '2015-02-21 01:37:08', 0, 0, NULL),
(86, 46, 1, NULL, 'іфвфівфівфіфівфів', '2015-02-21 01:37:19', 0, 0, NULL),
(87, 46, 1, NULL, 'фівфів', '2015-02-21 01:37:23', 0, 0, NULL),
(88, 46, 1, NULL, 'zxczxczc', '2015-02-21 23:02:58', 0, 0, NULL),
(89, 46, 1, NULL, 'sdfkhg sdfhgjhgjhg', '2015-02-21 23:03:34', 0, 0, NULL),
(90, 46, 1, NULL, 'a', '2015-02-21 23:04:39', 0, 0, NULL),
(91, 46, 1, NULL, 'admin, suck my confette', '2015-02-21 23:11:17', 0, 0, NULL),
(92, 46, 1, NULL, 'admin, asdadasdasdasd', '2015-02-21 23:13:40', 0, 0, NULL),
(93, 46, 1, NULL, 'admin, dfgdgdgdfgdfg', '2015-02-21 23:14:52', 0, 0, NULL),
(94, 46, 1, NULL, 'admin, as adasdas dasd asd', '2015-02-21 23:16:55', 0, 0, NULL),
(95, 46, 1, 46, 'admin, szdkds ksfjhs gdfjhgsd jfhg', '2015-02-21 23:17:40', 0, 0, NULL),
(96, 46, 1, 46, 'admin, sfhsk dgfj sgfkjhg jshagjhga sdjhgajhsdgkasgdha gsdjhagsj asjdgasj dgjakhsdg jahsgdjahsgd jagdjhag sdjkhagsdijag skjdgajskdg ajshdg', '2015-02-21 23:17:50', 0, 0, NULL),
(97, 46, 1, 46, 'admin, aaaaaaaaaaaaaaaaaaaaaaaaaaaaaaaaaaaaaaaaaaaaaaaaaaaaa', '2015-02-21 23:18:03', 0, 0, NULL),
(98, 46, 1, 73, 'admin, es fsd fsdf sdf sdf sdf', '2015-02-21 23:18:48', 0, 1, NULL),
(99, 33, 1, NULL, 'sr flwheksdf skdfjh smjdfksjgdfkgsdkjf', '2015-02-21 23:21:31', 0, 0, NULL),
(100, 33, 1, 99, 'admin, sd fsdf sdf sdfsdf sdf sdf', '2015-02-21 23:21:41', 1, 0, NULL),
(101, 33, 1, 99, 'admin, sf sf sdfsdfs', '2015-02-21 23:22:04', 1, 0, NULL),
(102, 33, 1, NULL, 'as da dasd asdasd ad', '2015-02-21 23:44:52', 0, 0, NULL),
(103, 33, 1, NULL, 'DASD SAD DSF SDSF SDF', '2015-02-21 23:45:47', 0, 0, NULL),
(104, 33, 1, NULL, 'yut ygusdf hsgdf jgsf', '2015-02-21 23:46:42', 0, 1, NULL),
(105, 33, 1, NULL, 'sdofuy osfdhosihf kljsfh jshdfkjshd fkjsdlkfhskdjfhsdf', '2015-02-21 23:46:52', 1, 0, NULL),
(106, 33, 1, NULL, 'sdfuys iksjdfh kjsdfkis dkfjh', '2015-02-22 00:12:40', 0, 0, NULL),
(107, 33, 1, NULL, 'zczxczxczxczxc', '2015-02-22 00:12:48', 0, 0, NULL),
(108, 33, 1, NULL, 'qwqwwwwwwwwwwwwwwwwwwwwwww', '2015-02-22 00:12:59', 0, 0, NULL),
(109, 33, 1, NULL, 'asdasdasd', '2015-02-22 00:13:03', 1, 0, NULL),
(110, 33, 1, NULL, 'mega comment', '2015-02-22 00:25:56', 0, 1, NULL),
(111, 33, 1, 109, 'admin, sdkfj skjfdisjd f,slkdjfh skldhflskhdf lkskl skdhf gkjsdgf jsgdfkjg sdfsldjfg skdjgfkjsg', '2015-02-22 00:26:47', 0, 0, NULL),
(112, 33, 1, 109, 'admin, sdg fjsgdfljsg dfskl dskjgf jksgf jk', '2015-02-22 00:26:58', 0, 0, NULL),
(113, 33, 1, 109, 'admin, sdjghsk jfskjfg sjkfdgskj df', '2015-02-22 00:28:21', 0, 0, NULL),
(114, 33, 1, 110, 'admin, sdkfs jgfsjk fksjdf jksg', '2015-02-22 00:28:31', 0, 0, NULL),
(115, 33, 1, 110, 'admin, sdlfihysk dfskjdf ksj', '2015-02-22 00:28:39', 0, 0, NULL),
(116, 33, 1, 103, 'admin, sdkfjhs jdfhksj hfkjsdhf kjshldkfjhs kfdh', '2015-02-22 00:33:47', 0, 0, NULL),
(117, 33, 1, 99, 'admin, sdfsdfsfdsdfsdf', '2015-02-22 00:33:57', 0, 0, NULL),
(118, 33, 1, 99, 'admin, zzzzzzzzzzzzzzzzzzzzzzzzzzzz', '2015-02-22 00:34:16', 0, 0, NULL),
(119, 33, 1, 99, 'admin, asda sasd asd', '2015-02-22 00:34:53', 0, 0, NULL),
(120, 33, 1, 99, 'admin, sdfsfsdfsdf', '2015-02-22 00:36:45', 0, 0, NULL),
(121, 33, 1, NULL, 's dfs fsdf sdf sdf', '2015-02-22 00:37:32', 0, 0, NULL),
(122, 33, 1, 107, 'admin, as dasd asd asd', '2015-02-22 00:37:41', 0, 0, NULL),
(123, 33, 1, 107, 'admin, s fs dsf sfd sdfsdf', '2015-02-22 00:37:49', 0, 0, NULL),
(124, 33, 1, 104, 'admin, seg dsg fdg dfgd gdfg df d', '2015-02-22 00:38:12', 0, 0, NULL),
(125, 33, 1, NULL, 'aw dasfsd fsd f', '2015-02-22 00:39:42', 0, 0, NULL),
(126, 33, 1, NULL, 'sdfs sf sdf', '2015-02-22 00:39:55', 0, 0, NULL),
(127, 33, 1, 125, 'admin, s fd gdfg dfg df', '2015-02-22 00:40:03', 0, 0, NULL),
(128, 33, 1, NULL, 'dxg d dg ert erter td', '2015-02-22 00:44:30', 0, 0, NULL),
(129, 33, 1, NULL, 'fsdng fsdjf hkjh kjg', '2015-02-22 00:44:35', 0, 0, NULL),
(130, 33, 1, NULL, 'dfsf hsgdf isuflkjhs kjfdksjgd fkj g', '2015-02-22 00:44:42', 0, 0, NULL),
(131, 33, 1, 108, 'admin, ?????????????????', '2015-02-22 00:44:55', 0, 0, NULL),
(132, 33, 1, NULL, 'werfouy sfgkjgs dkfjgklsdj', '2015-02-22 01:31:44', 0, 0, NULL),
(133, 33, 1, NULL, 'wellwellwell', '2015-02-22 01:31:51', 0, 0, NULL),
(134, 48, 1, NULL, 'ф авілар іщвшагр', '2015-03-03 13:38:53', 0, 1, NULL),
(135, 48, 1, 134, '@admin, івалор іфлгарілв оарлоіврп а', '2015-03-03 13:38:57', 1, 0, 134);

--
-- Триггеры `comment`
--
DROP TRIGGER IF EXISTS `delete_comment`;
DELIMITER //
CREATE TRIGGER `delete_comment` BEFORE DELETE ON `comment`
 FOR EACH ROW BEGIN
    UPDATE post SET comments_count = comments_count - 1 WHERE id = OLD.post_id;
 END
//
DELIMITER ;
DROP TRIGGER IF EXISTS `insert_comment`;
DELIMITER //
CREATE TRIGGER `insert_comment` BEFORE INSERT ON `comment`
 FOR EACH ROW BEGIN
     UPDATE post SET comments_count = comments_count + 1 WHERE id = NEW.post_id;
 END
//
DELIMITER ;

-- --------------------------------------------------------

--
-- Структура таблицы `comment_plus_minus`
--

CREATE TABLE IF NOT EXISTS `comment_plus_minus` (
  `comment_id` int(16) NOT NULL,
  `user_id` int(11) NOT NULL,
  `sign` enum('plus','minus') NOT NULL,
  UNIQUE KEY `comment_id` (`comment_id`,`user_id`),
  KEY `comment` (`comment_id`),
  KEY `user` (`user_id`)
) ENGINE=InnoDB DEFAULT CHARSET=utf8;

--
-- Дамп данных таблицы `comment_plus_minus`
--

INSERT INTO `comment_plus_minus` (`comment_id`, `user_id`, `sign`) VALUES
(47, 1, 'minus'),
(48, 1, 'minus'),
(49, 1, 'plus'),
(79, 1, 'plus'),
(98, 1, 'minus'),
(100, 1, 'plus'),
(101, 1, 'plus'),
(104, 1, 'minus'),
(105, 1, 'plus'),
(109, 1, 'plus'),
(110, 1, 'minus'),
(134, 1, 'minus'),
(135, 1, 'plus');

--
-- Триггеры `comment_plus_minus`
--
DROP TRIGGER IF EXISTS `delete_comment_plusminus`;
DELIMITER //
CREATE TRIGGER `delete_comment_plusminus` BEFORE DELETE ON `comment_plus_minus`
 FOR EACH ROW BEGIN
     IF OLD.sign = 'plus' THEN
         UPDATE comment SET pluses_count = pluses_count - 1 WHERE id = OLD.comment_id;
     ELSEIF OLD.sign = 'minus' THEN
         UPDATE comment SET minuses_count = minuses_count - 1 WHERE id = OLD.comment_id;
     END IF;
 END
//
DELIMITER ;
DROP TRIGGER IF EXISTS `insert_comment_plusminus`;
DELIMITER //
CREATE TRIGGER `insert_comment_plusminus` BEFORE INSERT ON `comment_plus_minus`
 FOR EACH ROW BEGIN
     IF NEW.sign = 'plus' THEN
         UPDATE comment SET pluses_count = pluses_count + 1 WHERE id = NEW.comment_id;
     ELSEIF NEW.sign = 'minus' THEN
         UPDATE comment SET minuses_count = minuses_count + 1 WHERE id = NEW.comment_id;
     END IF;
 END
//
DELIMITER ;

-- --------------------------------------------------------

--
-- Структура таблицы `favorites`
--

CREATE TABLE IF NOT EXISTS `favorites` (
  `post_id` int(16) NOT NULL,
  `user_id` int(11) NOT NULL,
  `created` timestamp NULL DEFAULT CURRENT_TIMESTAMP,
  UNIQUE KEY `post_id` (`post_id`,`user_id`),
  KEY `post` (`post_id`),
  KEY `user` (`user_id`)
) ENGINE=InnoDB DEFAULT CHARSET=latin1;

--
-- Дамп данных таблицы `favorites`
--

INSERT INTO `favorites` (`post_id`, `user_id`, `created`) VALUES
(34, 1, '2015-02-13 15:26:07'),
(35, 1, '2015-02-12 21:14:08'),
(36, 1, '2015-02-20 22:46:20'),
(37, 1, '2015-02-12 21:14:03'),
(45, 1, '2015-02-12 21:05:17'),
(46, 1, '2015-02-12 21:04:32'),
(47, 1, '2015-02-16 16:15:22');

-- --------------------------------------------------------

--
-- Структура таблицы `favorite_comments`
--

CREATE TABLE IF NOT EXISTS `favorite_comments` (
  `comment_id` int(16) NOT NULL,
  `user_id` int(11) NOT NULL,
  `created` timestamp NULL DEFAULT CURRENT_TIMESTAMP,
  UNIQUE KEY `comment_id` (`comment_id`,`user_id`),
  KEY `comment` (`comment_id`),
  KEY `user` (`user_id`)
) ENGINE=InnoDB DEFAULT CHARSET=utf8;

--
-- Дамп данных таблицы `favorite_comments`
--

INSERT INTO `favorite_comments` (`comment_id`, `user_id`, `created`) VALUES
(49, 1, '2015-02-21 01:19:13'),
(52, 1, '2015-02-21 01:19:18'),
(53, 1, '2015-02-21 01:19:17'),
(79, 1, '2015-02-21 23:06:39'),
(98, 1, '2015-02-21 23:19:08'),
(99, 1, '2015-02-22 00:21:43'),
(100, 1, '2015-02-21 23:45:14'),
(101, 1, '2015-02-21 23:45:04'),
(102, 1, '2015-02-22 00:25:44'),
(104, 1, '2015-02-22 00:22:26'),
(105, 1, '2015-02-21 23:47:02'),
(106, 1, '2015-02-22 00:22:32'),
(110, 1, '2015-02-22 00:25:58'),
(124, 1, '2015-02-22 00:38:23');

-- --------------------------------------------------------

--
-- Структура таблицы `migration`
--

CREATE TABLE IF NOT EXISTS `migration` (
  `version` varchar(180) NOT NULL,
  `apply_time` int(11) DEFAULT NULL,
  PRIMARY KEY (`version`)
) ENGINE=InnoDB DEFAULT CHARSET=latin1;

--
-- Дамп данных таблицы `migration`
--

INSERT INTO `migration` (`version`, `apply_time`) VALUES
('m000000_000000_base', 1423009453),
('m130524_201442_init', 1423009464),
('m140209_132017_init', 1423009557),
('m140403_174025_create_account_table', 1423009558),
('m140504_113157_update_tables', 1423009562),
('m140504_130429_create_token_table', 1423009563),
('m140830_171933_fix_ip_field', 1423009563),
('m140830_172703_change_account_table_name', 1423009563),
('m141222_110026_update_ip_field', 1423009564),
('m150206_163926_user_rating', 1425387918),
('m150209_155804_post', 1425387918);

-- --------------------------------------------------------

--
-- Структура таблицы `plus_minus`
--

CREATE TABLE IF NOT EXISTS `plus_minus` (
  `post_id` int(16) NOT NULL,
  `user_id` int(11) NOT NULL,
  `sign` enum('plus','minus') CHARACTER SET utf8 NOT NULL,
  UNIQUE KEY `post_id` (`post_id`,`user_id`),
  KEY `post` (`post_id`),
  KEY `user` (`user_id`)
) ENGINE=InnoDB DEFAULT CHARSET=latin1;

--
-- Дамп данных таблицы `plus_minus`
--

INSERT INTO `plus_minus` (`post_id`, `user_id`, `sign`) VALUES
(23, 1, 'plus'),
(24, 1, 'plus'),
(25, 1, 'minus'),
(26, 1, 'plus'),
(27, 1, 'plus'),
(30, 1, 'plus'),
(31, 1, 'minus'),
(32, 1, 'minus'),
(33, 1, 'plus'),
(34, 1, 'minus'),
(35, 1, 'plus'),
(36, 1, 'plus'),
(37, 1, 'plus'),
(45, 1, 'plus'),
(46, 1, 'minus'),
(47, 1, 'minus');

--
-- Триггеры `plus_minus`
--
DROP TRIGGER IF EXISTS `delete_plusminus`;
DELIMITER //
CREATE TRIGGER `delete_plusminus` BEFORE DELETE ON `plus_minus`
 FOR EACH ROW BEGIN
     IF OLD.sign = 'plus' THEN
         UPDATE post SET pluses_count = pluses_count - 1 WHERE id = OLD.post_id;
     ELSEIF OLD.sign = 'minus' THEN
         UPDATE post SET minuses_count = minuses_count - 1 WHERE id = OLD.post_id;
     END IF;
 END
//
DELIMITER ;
DROP TRIGGER IF EXISTS `insert_plusminus`;
DELIMITER //
CREATE TRIGGER `insert_plusminus` BEFORE INSERT ON `plus_minus`
 FOR EACH ROW BEGIN
     IF NEW.sign = 'plus' THEN
         UPDATE post SET pluses_count = pluses_count + 1 WHERE id = NEW.post_id;
     ELSEIF NEW.sign = 'minus' THEN
         UPDATE post SET minuses_count = minuses_count + 1 WHERE id = NEW.post_id;
     END IF;
 END
//
DELIMITER ;

-- --------------------------------------------------------

--
-- Структура таблицы `post`
--

CREATE TABLE IF NOT EXISTS `post` (
  `id` int(16) NOT NULL AUTO_INCREMENT,
  `user_id` int(11) NOT NULL,
  `title` varchar(250) CHARACTER SET utf8 NOT NULL,
  `description` varchar(400) CHARACTER SET utf8 DEFAULT NULL,
  `text` text CHARACTER SET utf8 NOT NULL,
  `created` timestamp NOT NULL DEFAULT CURRENT_TIMESTAMP,
  `careated_date` date NOT NULL,
  `comments_count` int(9) unsigned DEFAULT '0',
  `pluses_count` int(9) DEFAULT '0',
  `minuses_count` int(9) DEFAULT '0',
  PRIMARY KEY (`id`),
  KEY `user_id` (`user_id`)
) ENGINE=InnoDB  DEFAULT CHARSET=latin1 AUTO_INCREMENT=49 ;

--
-- Дамп данных таблицы `post`
--

INSERT INTO `post` (`id`, `user_id`, `title`, `description`, `text`, `created`, `careated_date`, `comments_count`, `pluses_count`, `minuses_count`) VALUES
(2, 1, 'ADsad ', '', 'a das dasd asd', '2015-02-09 22:13:58', '0000-00-00', 0, 13, 0),
(3, 1, 'ADsad ', '', 'a das dasd asds edssdf sdf sdf', '2015-02-09 22:14:22', '0000-00-00', 0, 11, 0),
(4, 1, 'ADsad ', '', 'a das dasd asds edssdf sdf sdf', '2015-02-09 22:15:06', '0000-00-00', 0, 14, 0),
(5, 1, 'ADsad a sdasd asdf sdf', 'asd sags isuyag jsgdjhsdg kgskjdfhks djfhksdhf ksjdf', 'j,shgfsfous hgdfksgd skjdfgsouyd fjsdshdg sgdf iug sdgsdg fsdgkf jgsldjfg  a das dasd asds edssdf sdf sdf', '2015-02-09 22:16:25', '0000-00-00', 0, 0, 0),
(6, 1, 'asdkjha skjkh ', '', 'dsf,jh lkjshdfkj hskdfjhk ilhsdlkjfhsdkjfh', '2015-02-10 15:22:18', '0000-00-00', 0, 0, 0),
(7, 1, 'My first today post', 'some desc', 'People already interfered. That planet was mined hollow. By an Order of Planets mining crew. This doesn''t make any sense. I don''t pretend to understand Brannigan''s Law. I enforce it. Fine, we''ll save the animals alone. I''m afraid I can''t allow that. Guards! What just happened? He''s throwing us in prison. Dang! Can I get this wrapped up? hadn''t thrown me in prison. You really are too picky. I''ve got some musing to do. I''m facing a formidable female adversary. Suggestions? I fail to see any problem, sir.', '2015-02-10 16:43:45', '2015-02-10', 0, 0, 0),
(8, 1, 'Today''s first post', 'Poroshenko at Minsk', 'У Мінську журналіст з Росії звинуватив Порошенка в агресії проти цивільних на Донбасі\n\nЖурналіст телеканалу «Росія», акредитований на саміті в Мінську, звинуватив президента Україниа Петра Порошенка в обстрілах мирного населення на Донбасі. \n\n«Навіщо ваші війська бомблять мирне населення Донбасу?» – запитав він Порошенка біля Палацу незалежності в Мінську.\n\nПорошенко нічого не відповів, президент Білорусі Олександр Лукашенко його відвів у будинок на двосторонню зустріч.\n\nПізніше цьому журналісту за негідну поведінку не дозволили висвітлювати мінський саміт.\n\nСьогодні в Мінську лідери України, Росії, Франції й Німеччини планують обговорити врегулювання конфлікту в частині сходу України.\n\nУкраїна і Захід звинувачують Росії у підтримці сепаратистів на Донбасі, зокрема військовою технікою та живою силою. Москва ці звинувачення відкидає. Російська сторона заявляє, що на Донбасі воюють «добровольці» з Росії. Водночас російські ЗМІ звинувачують Україну в обстрілі мирного населення на частині сходу України.\n\nУкраїнські силовики наголошують, що не ведуть вогонь в тих ситуаціях, коли може постраждати мирне населення.', '2015-02-11 17:27:26', '2015-02-11', 0, 0, 0),
(9, 1, 'Today''s first post', 'Poroshenko at Minsk', 'У Мінську журналіст з Росії звинуватив Порошенка в агресії проти цивільних на Донбасі\n\nЖурналіст телеканалу «Росія», акредитований на саміті в Мінську, звинуватив президента Україниа Петра Порошенка в обстрілах мирного населення на Донбасі. \n<div class="my-div">DIV CONTENT</div>\n<script>alert(2);</script>\n\n«Навіщо ваші війська бомблять мирне населення Донбасу?» – запитав він Порошенка біля Палацу незалежності в Мінську.\n\nПорошенко нічого не відповів, президент Білорусі Олександр Лукашенко його відвів у будинок на двосторонню зустріч.\n\nПізніше цьому журналісту за негідну поведінку не дозволили висвітлювати мінський саміт.\n\nСьогодні в Мінську лідери України, Росії, Франції й Німеччини планують обговорити врегулювання конфлікту в частині сходу України.\n\nУкраїна і Захід звинувачують Росії у підтримці сепаратистів на Донбасі, зокрема військовою технікою та живою силою. Москва ці звинувачення відкидає. Російська сторона заявляє, що на Донбасі воюють «добровольці» з Росії. Водночас російські ЗМІ звинувачують Україну в обстрілі мирного населення на частині сходу України.\n\nУкраїнські силовики наголошують, що не ведуть вогонь в тих ситуаціях, коли може постраждати мирне населення.', '2015-02-11 17:28:26', '2015-02-11', 0, 0, 0),
(10, 1, 'Today''s first post', 'Poroshenko at Minsk', 'У Мінську журналіст з Росії звинуватив Порошенка в агресії проти цивільних на Донбасі\n\nЖурналіст телеканалу «Росія», акредитований на саміті в Мінську, звинуватив президента Україниа Петра Порошенка в обстрілах мирного населення на Донбасі. \n<div class="my-div">DIV CONTENT</div>\n\n\n«Навіщо ваші війська бомблять мирне населення Донбасу?» – запитав він Порошенка біля Палацу незалежності в Мінську.\n\nПорошенко нічого не відповів, президент Білорусі Олександр Лукашенко його відвів у будинок на двосторонню зустріч.\n\nПізніше цьому журналісту за негідну поведінку не дозволили висвітлювати мінський саміт.\n\nСьогодні в Мінську лідери України, Росії, Франції й Німеччини планують обговорити врегулювання конфлікту в частині сходу України.\n\nУкраїна і Захід звинувачують Росії у підтримці сепаратистів на Донбасі, зокрема військовою технікою та живою силою. Москва ці звинувачення відкидає. Російська сторона заявляє, що на Донбасі воюють «добровольці» з Росії. Водночас російські ЗМІ звинувачують Україну в обстрілі мирного населення на частині сходу України.\n\nУкраїнські силовики наголошують, що не ведуть вогонь в тих ситуаціях, коли може постраждати мирне населення.', '2015-02-11 17:41:14', '2015-02-11', 0, 0, 0),
(11, 1, 'Today''s first post', 'Poroshenko at Minsk', 'У Мінську журналіст з Росії звинуватив Порошенка в агресії проти цивільних на Донбасі\n\nЖурналіст телеканалу «Росія», акредитований на саміті в Мінську, звинуватив президента Україниа Петра Порошенка в обстрілах мирного населення на Донбасі. \nDIV CONTENT\n\n\n«Навіщо ваші війська бомблять мирне населення Донбасу?» – запитав він Порошенка біля Палацу незалежності в Мінську.\n\nПорошенко нічого не відповів, президент Білорусі Олександр Лукашенко його відвів у будинок на двосторонню зустріч.\n\nПізніше цьому журналісту за негідну поведінку не дозволили висвітлювати мінський саміт.\n\nСьогодні в Мінську лідери України, Росії, Франції й Німеччини планують обговорити врегулювання конфлікту в частині сходу України.\n\nУкраїна і Захід звинувачують Росії у підтримці сепаратистів на Донбасі, зокрема військовою технікою та живою силою. Москва ці звинувачення відкидає. Російська сторона заявляє, що на Донбасі воюють «добровольці» з Росії. Водночас російські ЗМІ звинувачують Україну в обстрілі мирного населення на частині сходу України.\n\nУкраїнські силовики наголошують, що не ведуть вогонь в тих ситуаціях, коли може постраждати мирне населення.', '2015-02-11 17:45:54', '2015-02-11', 0, 0, 0),
(12, 1, 'Today''s first post', 'Poroshenko at Minskalert(2)', 'У Мінську журналіст з Росії звинуватив Порошенка в агресії проти цивільних на Донбасі\r\n\r\nЖурналіст телеканалу «Росія», акредитований на саміті в Мінську, звинуватив президента Україниа Петра Порошенка в обстрілах мирного населення на Донбасі. \r\nDIV CONTENT\r\n\r\n\r\n«Навіщо ваші війська бомблять мирне населення Донбасу?» – запитав він Порошенка біля Палацу незалежності в Мінську.\r\n\r\nПорошенко нічого не відповів, президент Білорусі Олександр Лукашенко його відвів у будинок на двосторонню зустріч.\r\n\r\nПізніше цьому журналісту за негідну поведінку не дозволили висвітлювати мінський саміт.\r\n\r\nСьогодні в Мінську лідери України, Росії, Франції й Німеччини планують обговорити врегулювання конфлікту в частині сходу України.\r\n\r\nУкраїна і Захід звинувачують Росії у підтримці сепаратистів на Донбасі, зокрема військовою технікою та живою силою. Москва ці звинувачення відкидає. Російська сторона заявляє, що на Донбасі воюють «добровольці» з Росії. Водночас російські ЗМІ звинувачують Україну в обстрілі мирного населення на частині сходу України.\r\n\r\nУкраїнські силовики наголошують, що не ведуть вогонь в тих ситуаціях, коли може постраждати мирне населення.', '2015-02-11 17:47:10', '2015-02-11', 0, 0, 0),
(13, 1, 'Today''s first post', 'Poroshenko at Minskalert(2)', 'У Мінську журналіст з Росії звинуватив Порошенка в агресії проти цивільних на Донбасі\r\n\r\nЖурналіст телеканалу «Росія», акредитований на саміті в Мінську, звинуватив президента Україниа Петра Порошенка в обстрілах мирного населення на Донбасі. \r\nDIV CONTENT\r\n\r\n\r\n«Навіщо ваші війська бомблять мирне населення Донбасу?» – запитав він Порошенка біля Палацу незалежності в Мінську.\r\n\r\nПорошенко нічого не відповів, президент Білорусі Олександр Лукашенко його відвів у будинок на двосторонню зустріч.\r\n\r\nПізніше цьому журналісту за негідну поведінку не дозволили висвітлювати мінський саміт.\r\n\r\nСьогодні в Мінську лідери України, Росії, Франції й Німеччини планують обговорити врегулювання конфлікту в частині сходу України.\r\n\r\nУкраїна і Захід звинувачують Росії у підтримці сепаратистів на Донбасі, зокрема військовою технікою та живою силою. Москва ці звинувачення відкидає. Російська сторона заявляє, що на Донбасі воюють «добровольці» з Росії. Водночас російські ЗМІ звинувачують Україну в обстрілі мирного населення на частині сходу України.\r\n\r\nУкраїнські силовики наголошують, що не ведуть вогонь в тих ситуаціях, коли може постраждати мирне населення.', '2015-02-11 20:34:04', '2015-02-11', 0, 0, 0),
(14, 1, 'Today''s first post', 'Poroshenko at Minskalert(2)', 'У Мінську журналіст з Росії звинуватив Порошенка в агресії проти цивільних на Донбасі\r\n\r\nЖурналіст телеканалу «Росія», акредитований на саміті в Мінську, звинуватив президента Україниа Петра Порошенка в обстрілах мирного населення на Донбасі. \r\nDIV CONTENT\r\n\r\n\r\n«Навіщо ваші війська бомблять мирне населення Донбасу?» – запитав він Порошенка біля Палацу незалежності в Мінську.\r\n\r\nПорошенко нічого не відповів, президент Білорусі Олександр Лукашенко його відвів у будинок на двосторонню зустріч.\r\n\r\nПізніше цьому журналісту за негідну поведінку не дозволили висвітлювати мінський саміт.\r\n\r\nСьогодні в Мінську лідери України, Росії, Франції й Німеччини планують обговорити врегулювання конфлікту в частині сходу України.\r\n\r\nУкраїна і Захід звинувачують Росії у підтримці сепаратистів на Донбасі, зокрема військовою технікою та живою силою. Москва ці звинувачення відкидає. Російська сторона заявляє, що на Донбасі воюють «добровольці» з Росії. Водночас російські ЗМІ звинувачують Україну в обстрілі мирного населення на частині сходу України.\r\n\r\nУкраїнські силовики наголошують, що не ведуть вогонь в тих ситуаціях, коли може постраждати мирне населення.', '2015-02-11 20:34:36', '2015-02-11', 0, 0, 0),
(15, 1, 'Today''s first post', 'Poroshenko at Minskalert(2)', 'У Мінську журналіст з Росії звинуватив Порошенка в агресії проти цивільних на Донбасі\r\n\r\nЖурналіст телеканалу «Росія», акредитований на саміті в Мінську, звинуватив президента Україниа Петра Порошенка в обстрілах мирного населення на Донбасі. \r\nDIV CONTENT\r\n\r\n\r\n«Навіщо ваші війська бомблять мирне населення Донбасу?» – запитав він Порошенка біля Палацу незалежності в Мінську.\r\n\r\nПорошенко нічого не відповів, президент Білорусі Олександр Лукашенко його відвів у будинок на двосторонню зустріч.\r\n\r\nПізніше цьому журналісту за негідну поведінку не дозволили висвітлювати мінський саміт.\r\n\r\nСьогодні в Мінську лідери України, Росії, Франції й Німеччини планують обговорити врегулювання конфлікту в частині сходу України.\r\n\r\nУкраїна і Захід звинувачують Росії у підтримці сепаратистів на Донбасі, зокрема військовою технікою та живою силою. Москва ці звинувачення відкидає. Російська сторона заявляє, що на Донбасі воюють «добровольці» з Росії. Водночас російські ЗМІ звинувачують Україну в обстрілі мирного населення на частині сходу України.\r\n\r\nУкраїнські силовики наголошують, що не ведуть вогонь в тих ситуаціях, коли може постраждати мирне населення.', '2015-02-11 20:51:30', '2015-02-11', 0, 0, 0),
(16, 1, 'Today''s first post', 'Poroshenko at Minskalert(2)', 'У Мінську журналіст з Росії звинуватив Порошенка в агресії проти цивільних на Донбасі\r\n\r\nЖурналіст телеканалу «Росія», акредитований на саміті в Мінську, звинуватив президента Україниа Петра Порошенка в обстрілах мирного населення на Донбасі. \r\nDIV CONTENT\r\n\r\n\r\n«Навіщо ваші війська бомблять мирне населення Донбасу?» – запитав він Порошенка біля Палацу незалежності в Мінську.\r\n\r\nПорошенко нічого не відповів, президент Білорусі Олександр Лукашенко його відвів у будинок на двосторонню зустріч.\r\n\r\nПізніше цьому журналісту за негідну поведінку не дозволили висвітлювати мінський саміт.\r\n\r\nСьогодні в Мінську лідери України, Росії, Франції й Німеччини планують обговорити врегулювання конфлікту в частині сходу України.\r\n\r\nУкраїна і Захід звинувачують Росії у підтримці сепаратистів на Донбасі, зокрема військовою технікою та живою силою. Москва ці звинувачення відкидає. Російська сторона заявляє, що на Донбасі воюють «добровольці» з Росії. Водночас російські ЗМІ звинувачують Україну в обстрілі мирного населення на частині сходу України.\r\n\r\nУкраїнські силовики наголошують, що не ведуть вогонь в тих ситуаціях, коли може постраждати мирне населення.', '2015-02-11 20:51:39', '2015-02-11', 0, 0, 0),
(17, 1, 'Today''s first post', 'Poroshenko at Minskalert(2)', 'У Мінську журналіст з Росії звинуватив Порошенка в агресії проти цивільних на Донбасі\r\n\r\nЖурналіст телеканалу «Росія», акредитований на саміті в Мінську, звинуватив президента Україниа Петра Порошенка в обстрілах мирного населення на Донбасі. \r\nDIV CONTENT\r\n\r\n\r\n«Навіщо ваші війська бомблять мирне населення Донбасу?» – запитав він Порошенка біля Палацу незалежності в Мінську.\r\n\r\nПорошенко нічого не відповів, президент Білорусі Олександр Лукашенко його відвів у будинок на двосторонню зустріч.\r\n\r\nПізніше цьому журналісту за негідну поведінку не дозволили висвітлювати мінський саміт.\r\n\r\nСьогодні в Мінську лідери України, Росії, Франції й Німеччини планують обговорити врегулювання конфлікту в частині сходу України.\r\n\r\nУкраїна і Захід звинувачують Росії у підтримці сепаратистів на Донбасі, зокрема військовою технікою та живою силою. Москва ці звинувачення відкидає. Російська сторона заявляє, що на Донбасі воюють «добровольці» з Росії. Водночас російські ЗМІ звинувачують Україну в обстрілі мирного населення на частині сходу України.\r\n\r\nУкраїнські силовики наголошують, що не ведуть вогонь в тих ситуаціях, коли може постраждати мирне населення.', '2015-02-11 20:51:49', '2015-02-11', 0, 0, 0),
(18, 1, 'Today''s first post', 'Poroshenko at Minskalert(2)', 'У Мінську журналіст з Росії звинуватив Порошенка в агресії проти цивільних на Донбасі\r\n\r\nЖурналіст телеканалу «Росія», акредитований на саміті в Мінську, звинуватив президента Україниа Петра Порошенка в обстрілах мирного населення на Донбасі. \r\nDIV CONTENT\r\n\r\n\r\n«Навіщо ваші війська бомблять мирне населення Донбасу?» – запитав він Порошенка біля Палацу незалежності в Мінську.\r\n\r\nПорошенко нічого не відповів, президент Білорусі Олександр Лукашенко його відвів у будинок на двосторонню зустріч.\r\n\r\nПізніше цьому журналісту за негідну поведінку не дозволили висвітлювати мінський саміт.\r\n\r\nСьогодні в Мінську лідери України, Росії, Франції й Німеччини планують обговорити врегулювання конфлікту в частині сходу України.\r\n\r\nУкраїна і Захід звинувачують Росії у підтримці сепаратистів на Донбасі, зокрема військовою технікою та живою силою. Москва ці звинувачення відкидає. Російська сторона заявляє, що на Донбасі воюють «добровольці» з Росії. Водночас російські ЗМІ звинувачують Україну в обстрілі мирного населення на частині сходу України.\r\n\r\nУкраїнські силовики наголошують, що не ведуть вогонь в тих ситуаціях, коли може постраждати мирне населення.', '2015-02-11 20:57:19', '2015-02-11', 0, 0, 0),
(19, 1, 'Today''s first post', 'Poroshenko at Minskalert(2)', 'У Мінську журналіст з Росії звинуватив Порошенка в агресії проти цивільних на Донбасі\r\n\r\nЖурналіст телеканалу «Росія», акредитований на саміті в Мінську, звинуватив президента Україниа Петра Порошенка в обстрілах мирного населення на Донбасі. \r\nDIV CONTENT\r\n\r\n\r\n«Навіщо ваші війська бомблять мирне населення Донбасу?» – запитав він Порошенка біля Палацу незалежності в Мінську.\r\n\r\nПорошенко нічого не відповів, президент Білорусі Олександр Лукашенко його відвів у будинок на двосторонню зустріч.\r\n\r\nПізніше цьому журналісту за негідну поведінку не дозволили висвітлювати мінський саміт.\r\n\r\nСьогодні в Мінську лідери України, Росії, Франції й Німеччини планують обговорити врегулювання конфлікту в частині сходу України.\r\n\r\nУкраїна і Захід звинувачують Росії у підтримці сепаратистів на Донбасі, зокрема військовою технікою та живою силою. Москва ці звинувачення відкидає. Російська сторона заявляє, що на Донбасі воюють «добровольці» з Росії. Водночас російські ЗМІ звинувачують Україну в обстрілі мирного населення на частині сходу України.\r\n\r\nУкраїнські силовики наголошують, що не ведуть вогонь в тих ситуаціях, коли може постраждати мирне населення.', '2015-02-11 21:03:08', '2015-02-11', 0, 0, 0),
(20, 1, 'Today''s first post', 'Poroshenko at Minskalert(2)', 'У Мінську журналіст з Росії звинуватив Порошенка в агресії проти цивільних на Донбасі\r\n\r\nЖурналіст телеканалу «Росія», акредитований на саміті в Мінську, звинуватив президента Україниа Петра Порошенка в обстрілах мирного населення на Донбасі. \r\nDIV CONTENT\r\n\r\n\r\n«Навіщо ваші війська бомблять мирне населення Донбасу?» – запитав він Порошенка біля Палацу незалежності в Мінську.\r\n\r\nПорошенко нічого не відповів, президент Білорусі Олександр Лукашенко його відвів у будинок на двосторонню зустріч.\r\n\r\nПізніше цьому журналісту за негідну поведінку не дозволили висвітлювати мінський саміт.\r\n\r\nСьогодні в Мінську лідери України, Росії, Франції й Німеччини планують обговорити врегулювання конфлікту в частині сходу України.\r\n\r\nУкраїна і Захід звинувачують Росії у підтримці сепаратистів на Донбасі, зокрема військовою технікою та живою силою. Москва ці звинувачення відкидає. Російська сторона заявляє, що на Донбасі воюють «добровольці» з Росії. Водночас російські ЗМІ звинувачують Україну в обстрілі мирного населення на частині сходу України.\r\n\r\nУкраїнські силовики наголошують, що не ведуть вогонь в тих ситуаціях, коли може постраждати мирне населення.', '2015-02-11 21:04:25', '2015-02-11', 0, 0, 0),
(21, 1, 'Today''s first post', 'Poroshenko at Minskalert(2)', 'У Мінську журналіст з Росії звинуватив Порошенка в агресії проти цивільних на Донбасі\r\n\r\nЖурналіст телеканалу «Росія», акредитований на саміті в Мінську, звинуватив президента Україниа Петра Порошенка в обстрілах мирного населення на Донбасі. \r\nDIV CONTENT\r\n\r\n\r\n«Навіщо ваші війська бомблять мирне населення Донбасу?» – запитав він Порошенка біля Палацу незалежності в Мінську.\r\n\r\nПорошенко нічого не відповів, президент Білорусі Олександр Лукашенко його відвів у будинок на двосторонню зустріч.\r\n\r\nПізніше цьому журналісту за негідну поведінку не дозволили висвітлювати мінський саміт.\r\n\r\nСьогодні в Мінську лідери України, Росії, Франції й Німеччини планують обговорити врегулювання конфлікту в частині сходу України.\r\n\r\nУкраїна і Захід звинувачують Росії у підтримці сепаратистів на Донбасі, зокрема військовою технікою та живою силою. Москва ці звинувачення відкидає. Російська сторона заявляє, що на Донбасі воюють «добровольці» з Росії. Водночас російські ЗМІ звинувачують Україну в обстрілі мирного населення на частині сходу України.\r\n\r\nУкраїнські силовики наголошують, що не ведуть вогонь в тих ситуаціях, коли може постраждати мирне населення.', '2015-02-11 21:06:17', '2015-02-11', 0, 0, 0),
(22, 1, 'Today''s first post', 'Poroshenko at Minskalert(2)', 'У Мінську журналіст з Росії звинуватив Порошенка в агресії проти цивільних на Донбасі\r\n\r\nЖурналіст телеканалу «Росія», акредитований на саміті в Мінську, звинуватив президента Україниа Петра Порошенка в обстрілах мирного населення на Донбасі. \r\nDIV CONTENT\r\n\r\n\r\n«Навіщо ваші війська бомблять мирне населення Донбасу?» – запитав він Порошенка біля Палацу незалежності в Мінську.\r\n\r\nПорошенко нічого не відповів, президент Білорусі Олександр Лукашенко його відвів у будинок на двосторонню зустріч.\r\n\r\nПізніше цьому журналісту за негідну поведінку не дозволили висвітлювати мінський саміт.\r\n\r\nСьогодні в Мінську лідери України, Росії, Франції й Німеччини планують обговорити врегулювання конфлікту в частині сходу України.\r\n\r\nУкраїна і Захід звинувачують Росії у підтримці сепаратистів на Донбасі, зокрема військовою технікою та живою силою. Москва ці звинувачення відкидає. Російська сторона заявляє, що на Донбасі воюють «добровольці» з Росії. Водночас російські ЗМІ звинувачують Україну в обстрілі мирного населення на частині сходу України.\r\n\r\nУкраїнські силовики наголошують, що не ведуть вогонь в тих ситуаціях, коли може постраждати мирне населення.', '2015-02-11 21:06:47', '2015-02-11', 0, 0, 0),
(23, 1, 'Today''s first post', 'Poroshenko at Minskalert(2)', 'У Мінську журналіст з Росії звинуватив Порошенка в агресії проти цивільних на Донбасі\r\n\r\nЖурналіст телеканалу «Росія», акредитований на саміті в Мінську, звинуватив президента Україниа Петра Порошенка в обстрілах мирного населення на Донбасі. \r\nDIV CONTENT\r\n\r\n\r\n«Навіщо ваші війська бомблять мирне населення Донбасу?» – запитав він Порошенка біля Палацу незалежності в Мінську.\r\n\r\nПорошенко нічого не відповів, президент Білорусі Олександр Лукашенко його відвів у будинок на двосторонню зустріч.\r\n\r\nПізніше цьому журналісту за негідну поведінку не дозволили висвітлювати мінський саміт.\r\n\r\nСьогодні в Мінську лідери України, Росії, Франції й Німеччини планують обговорити врегулювання конфлікту в частині сходу України.\r\n\r\nУкраїна і Захід звинувачують Росії у підтримці сепаратистів на Донбасі, зокрема військовою технікою та живою силою. Москва ці звинувачення відкидає. Російська сторона заявляє, що на Донбасі воюють «добровольці» з Росії. Водночас російські ЗМІ звинувачують Україну в обстрілі мирного населення на частині сходу України.\r\n\r\nУкраїнські силовики наголошують, що не ведуть вогонь в тих ситуаціях, коли може постраждати мирне населення.', '2015-02-11 21:06:55', '2015-02-11', 0, 1, 0),
(24, 1, 'Today''s first post', 'Poroshenko at Minskalert(2)', 'У Мінську журналіст з Росії звинуватив Порошенка в агресії проти цивільних на Донбасі\r\n\r\nЖурналіст телеканалу «Росія», акредитований на саміті в Мінську, звинуватив президента Україниа Петра Порошенка в обстрілах мирного населення на Донбасі. \r\nDIV CONTENT\r\n\r\n\r\n«Навіщо ваші війська бомблять мирне населення Донбасу?» – запитав він Порошенка біля Палацу незалежності в Мінську.\r\n\r\nПорошенко нічого не відповів, президент Білорусі Олександр Лукашенко його відвів у будинок на двосторонню зустріч.\r\n\r\nПізніше цьому журналісту за негідну поведінку не дозволили висвітлювати мінський саміт.\r\n\r\nСьогодні в Мінську лідери України, Росії, Франції й Німеччини планують обговорити врегулювання конфлікту в частині сходу України.\r\n\r\nУкраїна і Захід звинувачують Росії у підтримці сепаратистів на Донбасі, зокрема військовою технікою та живою силою. Москва ці звинувачення відкидає. Російська сторона заявляє, що на Донбасі воюють «добровольці» з Росії. Водночас російські ЗМІ звинувачують Україну в обстрілі мирного населення на частині сходу України.\r\n\r\nУкраїнські силовики наголошують, що не ведуть вогонь в тих ситуаціях, коли може постраждати мирне населення.', '2015-02-11 21:07:54', '2015-02-11', 0, 1, 0),
(25, 1, 'Today''s first post', 'Poroshenko at Minskalert(2)', 'У Мінську журналіст з Росії звинуватив Порошенка в агресії проти цивільних на Донбасі\r\n\r\nЖурналіст телеканалу «Росія», акредитований на саміті в Мінську, звинуватив президента Україниа Петра Порошенка в обстрілах мирного населення на Донбасі. \r\nDIV CONTENT\r\n\r\n\r\n«Навіщо ваші війська бомблять мирне населення Донбасу?» – запитав він Порошенка біля Палацу незалежності в Мінську.\r\n\r\nПорошенко нічого не відповів, президент Білорусі Олександр Лукашенко його відвів у будинок на двосторонню зустріч.\r\n\r\nПізніше цьому журналісту за негідну поведінку не дозволили висвітлювати мінський саміт.\r\n\r\nСьогодні в Мінську лідери України, Росії, Франції й Німеччини планують обговорити врегулювання конфлікту в частині сходу України.\r\n\r\nУкраїна і Захід звинувачують Росії у підтримці сепаратистів на Донбасі, зокрема військовою технікою та живою силою. Москва ці звинувачення відкидає. Російська сторона заявляє, що на Донбасі воюють «добровольці» з Росії. Водночас російські ЗМІ звинувачують Україну в обстрілі мирного населення на частині сходу України.\r\n\r\nУкраїнські силовики наголошують, що не ведуть вогонь в тих ситуаціях, коли може постраждати мирне населення.', '2015-02-11 21:08:32', '2015-02-11', 0, 0, 1),
(26, 1, 'Today''s first post', 'Poroshenko at Minskalert(2)', 'У Мінську журналіст з Росії звинуватив Порошенка в агресії проти цивільних на Донбасі\r\n\r\nЖурналіст телеканалу «Росія», акредитований на саміті в Мінську, звинуватив президента Україниа Петра Порошенка в обстрілах мирного населення на Донбасі. \r\nDIV CONTENT\r\n\r\n\r\n«Навіщо ваші війська бомблять мирне населення Донбасу?» – запитав він Порошенка біля Палацу незалежності в Мінську.\r\n\r\nПорошенко нічого не відповів, президент Білорусі Олександр Лукашенко його відвів у будинок на двосторонню зустріч.\r\n\r\nПізніше цьому журналісту за негідну поведінку не дозволили висвітлювати мінський саміт.\r\n\r\nСьогодні в Мінську лідери України, Росії, Франції й Німеччини планують обговорити врегулювання конфлікту в частині сходу України.\r\n\r\nУкраїна і Захід звинувачують Росії у підтримці сепаратистів на Донбасі, зокрема військовою технікою та живою силою. Москва ці звинувачення відкидає. Російська сторона заявляє, що на Донбасі воюють «добровольці» з Росії. Водночас російські ЗМІ звинувачують Україну в обстрілі мирного населення на частині сходу України.\r\n\r\nУкраїнські силовики наголошують, що не ведуть вогонь в тих ситуаціях, коли може постраждати мирне населення.', '2015-02-11 21:08:55', '2015-02-11', 0, 1, 0),
(27, 1, 'Today''s first post', 'Poroshenko at Minskalert(2)', 'У Мінську журналіст з Росії звинуватив Порошенка в агресії проти цивільних на Донбасі\r\n\r\nЖурналіст телеканалу «Росія», акредитований на саміті в Мінську, звинуватив президента Україниа Петра Порошенка в обстрілах мирного населення на Донбасі. \r\nDIV CONTENT\r\n\r\n\r\n«Навіщо ваші війська бомблять мирне населення Донбасу?» – запитав він Порошенка біля Палацу незалежності в Мінську.\r\n\r\nПорошенко нічого не відповів, президент Білорусі Олександр Лукашенко його відвів у будинок на двосторонню зустріч.\r\n\r\nПізніше цьому журналісту за негідну поведінку не дозволили висвітлювати мінський саміт.\r\n\r\nСьогодні в Мінську лідери України, Росії, Франції й Німеччини планують обговорити врегулювання конфлікту в частині сходу України.\r\n\r\nУкраїна і Захід звинувачують Росії у підтримці сепаратистів на Донбасі, зокрема військовою технікою та живою силою. Москва ці звинувачення відкидає. Російська сторона заявляє, що на Донбасі воюють «добровольці» з Росії. Водночас російські ЗМІ звинувачують Україну в обстрілі мирного населення на частині сходу України.\r\n\r\nУкраїнські силовики наголошують, що не ведуть вогонь в тих ситуаціях, коли може постраждати мирне населення.', '2015-02-11 21:14:25', '2015-02-11', 0, 1, 0),
(28, 1, 'Today''s first post', 'Poroshenko at Minskalert(2)', 'У Мінську журналіст з Росії звинуватив Порошенка в агресії проти цивільних на Донбасі\r\n\r\nЖурналіст телеканалу «Росія», акредитований на саміті в Мінську, звинуватив президента Україниа Петра Порошенка в обстрілах мирного населення на Донбасі. \r\nDIV CONTENT\r\n\r\n\r\n«Навіщо ваші війська бомблять мирне населення Донбасу?» – запитав він Порошенка біля Палацу незалежності в Мінську.\r\n\r\nПорошенко нічого не відповів, президент Білорусі Олександр Лукашенко його відвів у будинок на двосторонню зустріч.\r\n\r\nПізніше цьому журналісту за негідну поведінку не дозволили висвітлювати мінський саміт.\r\n\r\nСьогодні в Мінську лідери України, Росії, Франції й Німеччини планують обговорити врегулювання конфлікту в частині сходу України.\r\n\r\nУкраїна і Захід звинувачують Росії у підтримці сепаратистів на Донбасі, зокрема військовою технікою та живою силою. Москва ці звинувачення відкидає. Російська сторона заявляє, що на Донбасі воюють «добровольці» з Росії. Водночас російські ЗМІ звинувачують Україну в обстрілі мирного населення на частині сходу України.\r\n\r\nУкраїнські силовики наголошують, що не ведуть вогонь в тих ситуаціях, коли може постраждати мирне населення.', '2015-02-11 21:14:31', '2015-02-11', 0, 0, 0);
INSERT INTO `post` (`id`, `user_id`, `title`, `description`, `text`, `created`, `careated_date`, `comments_count`, `pluses_count`, `minuses_count`) VALUES
(29, 1, 'Today''s first post', 'Poroshenko at Minskalert(2)', 'У Мінську журналіст з Росії звинуватив Порошенка в агресії проти цивільних на Донбасі\r\n\r\nЖурналіст телеканалу «Росія», акредитований на саміті в Мінську, звинуватив президента Україниа Петра Порошенка в обстрілах мирного населення на Донбасі. \r\nDIV CONTENT\r\n\r\n\r\n«Навіщо ваші війська бомблять мирне населення Донбасу?» – запитав він Порошенка біля Палацу незалежності в Мінську.\r\n\r\nПорошенко нічого не відповів, президент Білорусі Олександр Лукашенко його відвів у будинок на двосторонню зустріч.\r\n\r\nПізніше цьому журналісту за негідну поведінку не дозволили висвітлювати мінський саміт.\r\n\r\nСьогодні в Мінську лідери України, Росії, Франції й Німеччини планують обговорити врегулювання конфлікту в частині сходу України.\r\n\r\nУкраїна і Захід звинувачують Росії у підтримці сепаратистів на Донбасі, зокрема військовою технікою та живою силою. Москва ці звинувачення відкидає. Російська сторона заявляє, що на Донбасі воюють «добровольці» з Росії. Водночас російські ЗМІ звинувачують Україну в обстрілі мирного населення на частині сходу України.\r\n\r\nУкраїнські силовики наголошують, що не ведуть вогонь в тих ситуаціях, коли може постраждати мирне населення.', '2015-02-11 21:15:21', '2015-02-11', 0, 0, 0),
(30, 1, 'Today''s first post', 'Poroshenko at Minskalert(2)', 'У Мінську журналіст з Росії звинуватив Порошенка в агресії проти цивільних на Донбасі\r\n\r\nЖурналіст телеканалу «Росія», акредитований на саміті в Мінську, звинуватив президента Україниа Петра Порошенка в обстрілах мирного населення на Донбасі. \r\nDIV CONTENT\r\n\r\n\r\n«Навіщо ваші війська бомблять мирне населення Донбасу?» – запитав він Порошенка біля Палацу незалежності в Мінську.\r\n\r\nПорошенко нічого не відповів, президент Білорусі Олександр Лукашенко його відвів у будинок на двосторонню зустріч.\r\n\r\nПізніше цьому журналісту за негідну поведінку не дозволили висвітлювати мінський саміт.\r\n\r\nСьогодні в Мінську лідери України, Росії, Франції й Німеччини планують обговорити врегулювання конфлікту в частині сходу України.\r\n\r\nУкраїна і Захід звинувачують Росії у підтримці сепаратистів на Донбасі, зокрема військовою технікою та живою силою. Москва ці звинувачення відкидає. Російська сторона заявляє, що на Донбасі воюють «добровольці» з Росії. Водночас російські ЗМІ звинувачують Україну в обстрілі мирного населення на частині сходу України.\r\n\r\nУкраїнські силовики наголошують, що не ведуть вогонь в тих ситуаціях, коли може постраждати мирне населення.', '2015-02-11 21:15:45', '2015-02-11', 0, 1, 0),
(31, 1, 'Today''s first post', 'Poroshenko at Minskalert(2)', 'У Мінську журналіст з Росії звинуватив Порошенка в агресії проти цивільних на Донбасі\r\n\r\nЖурналіст телеканалу «Росія», акредитований на саміті в Мінську, звинуватив президента Україниа Петра Порошенка в обстрілах мирного населення на Донбасі. \r\nDIV CONTENT\r\n\r\n\r\n«Навіщо ваші війська бомблять мирне населення Донбасу?» – запитав він Порошенка біля Палацу незалежності в Мінську.\r\n\r\nПорошенко нічого не відповів, президент Білорусі Олександр Лукашенко його відвів у будинок на двосторонню зустріч.\r\n\r\nПізніше цьому журналісту за негідну поведінку не дозволили висвітлювати мінський саміт.\r\n\r\nСьогодні в Мінську лідери України, Росії, Франції й Німеччини планують обговорити врегулювання конфлікту в частині сходу України.\r\n\r\nУкраїна і Захід звинувачують Росії у підтримці сепаратистів на Донбасі, зокрема військовою технікою та живою силою. Москва ці звинувачення відкидає. Російська сторона заявляє, що на Донбасі воюють «добровольці» з Росії. Водночас російські ЗМІ звинувачують Україну в обстрілі мирного населення на частині сходу України.\r\n\r\nУкраїнські силовики наголошують, що не ведуть вогонь в тих ситуаціях, коли може постраждати мирне населення.', '2015-02-11 21:16:03', '2015-02-11', 0, 0, 1),
(32, 1, 'Today''s first post', 'Poroshenko at Minskalert(2)', 'У Мінську журналіст з Росії звинуватив Порошенка в агресії проти цивільних на Донбасі\r\n\r\nЖурналіст телеканалу «Росія», акредитований на саміті в Мінську, звинуватив президента Україниа Петра Порошенка в обстрілах мирного населення на Донбасі. \r\nDIV CONTENT\r\n\r\n\r\n«Навіщо ваші війська бомблять мирне населення Донбасу?» – запитав він Порошенка біля Палацу незалежності в Мінську.\r\n\r\nПорошенко нічого не відповів, президент Білорусі Олександр Лукашенко його відвів у будинок на двосторонню зустріч.\r\n\r\nПізніше цьому журналісту за негідну поведінку не дозволили висвітлювати мінський саміт.\r\n\r\nСьогодні в Мінську лідери України, Росії, Франції й Німеччини планують обговорити врегулювання конфлікту в частині сходу України.\r\n\r\nУкраїна і Захід звинувачують Росії у підтримці сепаратистів на Донбасі, зокрема військовою технікою та живою силою. Москва ці звинувачення відкидає. Російська сторона заявляє, що на Донбасі воюють «добровольці» з Росії. Водночас російські ЗМІ звинувачують Україну в обстрілі мирного населення на частині сходу України.\r\n\r\nУкраїнські силовики наголошують, що не ведуть вогонь в тих ситуаціях, коли може постраждати мирне населення.', '2015-02-11 21:16:34', '2015-02-11', 0, 0, 1),
(33, 1, 'Today''s first post', 'Poroshenko at Minskalert(2)', 'У Мінську журналіст з Росії звинуватив Порошенка в агресії проти цивільних на Донбасі\r\n\r\nЖурналіст телеканалу «Росія», акредитований на саміті в Мінську, звинуватив президента Україниа Петра Порошенка в обстрілах мирного населення на Донбасі. \r\nDIV CONTENT\r\n\r\n\r\n«Навіщо ваші війська бомблять мирне населення Донбасу?» – запитав він Порошенка біля Палацу незалежності в Мінську.\r\n\r\nПорошенко нічого не відповів, президент Білорусі Олександр Лукашенко його відвів у будинок на двосторонню зустріч.\r\n\r\nПізніше цьому журналісту за негідну поведінку не дозволили висвітлювати мінський саміт.\r\n\r\nСьогодні в Мінську лідери України, Росії, Франції й Німеччини планують обговорити врегулювання конфлікту в частині сходу України.\r\n\r\nУкраїна і Захід звинувачують Росії у підтримці сепаратистів на Донбасі, зокрема військовою технікою та живою силою. Москва ці звинувачення відкидає. Російська сторона заявляє, що на Донбасі воюють «добровольці» з Росії. Водночас російські ЗМІ звинувачують Україну в обстрілі мирного населення на частині сходу України.\r\n\r\nУкраїнські силовики наголошують, що не ведуть вогонь в тих ситуаціях, коли може постраждати мирне населення.', '2015-02-11 21:19:57', '2015-02-11', 35, 1, 0),
(34, 1, 'title', 'sdfshd', 'ldksahf sdhfkjsdfh', '2015-02-11 23:28:35', '2015-02-11', 0, 0, 1),
(35, 1, 'title', 'sdfshd', 'ldksahf sdhfkjsdfh', '2015-02-11 23:31:02', '2015-02-11', 0, 1, 0),
(36, 1, 'title', 'sdfshd', 'ldksahf sdhfkjsdfh', '2015-02-11 23:31:17', '2015-02-11', 0, 1, 0),
(37, 1, 'title', 'sdfshd', 'ldksahf sdhfkjsdfh', '2015-02-11 23:34:19', '2015-02-11', 0, 1, 0),
(45, 1, 'фівфвівфі', '', 'фів фів фів фі', '2015-02-11 23:53:53', '2015-02-11', 0, 1, 0),
(46, 1, 'Результати переговорів у Мінську', 'Чого досягли лідери ворогуючих держав за столом переговорів?', 'Президент Франції Франсуа Олланд вважає, що наступні години будуть вирішальними для врегулювання ситуації на Донбасі. Про це він повідомив перед зустріччю голів держав та урядів Євросоюзу.\r\n\r\n«Нині настав момент, коли все може вирішитися або в один, або в інший бік, а наступні години будуть вирішальними для долі миру в Україні», – заявив Олланд, повідомляє кореспондент Радіо Свобода. \r\n\r\nПрезидент Франції, як і німецький канцлер Анґела Меркель, повернувшись з тривалих нічних переговорів у Мінську, прибули до Брюсселя для участі у саміті, де однією з головних тем заплановані обговорення ситуації в Україні та відносини з Росією на тлі її агресії щодо України.\r\n\r\nНа цю зустріч також прибув президент України. \r\n\r\nЗ вечора 11 лютого і до сьогоднішнього ранку в Мінську тривала зустріч лідерів України, Росії, Німеччини і Франції щодо ситуації в Україні. Сторони зокрема домовилися про припинення вогню на Донбасі з 15 лютого.', '2015-02-12 15:29:48', '2015-02-12', 52, 0, 1),
(47, 1, 'sdj lsfhlkjh', 'asd', 'Oh, wait. I can. Kiffy, you''re alive! This is awkward. Please, please, give me another chance. We rushed into this relationship, but let''s start over as friends and see where things go. I don''t think I can. How could you? My body wasn''t even warm yet. You were dead. For about five minutes. Whereas Calculon has sullied Bender''s reputation by insinuating that he is a human-lover, a duel is hereby engaged. Bender, as the offended party, shall have choice of weapon. Planetary annihilators.', '2015-02-16 16:15:09', '2015-02-16', 0, 0, 1),
(48, 1, 'as sedf sdf s', '', 'Smart Money|Бизнес журнал\r\n42 секрета эффективной рекламы. Андрей Парабеллум, Николай Мрочковский and Сергей Бернадский\r\nНе важно, чем вы занимаетесь — продажей одежды, ресторанным бизнесом, консалтингом, дизайном интерьеров или ремонтом пластиковых окон.\r\n\r\nПринципы продающей рекламы, о которой пойдет речь в этой книге, универсальны. Советы не рассчитаны на огромные рекламные бюджеты, а ориентированы сохранить ваши деньги и произвести максимальный эффект.', '2015-02-23 00:55:15', '2015-02-23', 2, 23, 2);

-- --------------------------------------------------------

--
-- Структура таблицы `profile`
--

CREATE TABLE IF NOT EXISTS `profile` (
  `user_id` int(11) NOT NULL,
  `name` varchar(255) DEFAULT NULL,
  `public_email` varchar(255) DEFAULT NULL,
  `gravatar_email` varchar(255) DEFAULT NULL,
  `gravatar_id` varchar(32) DEFAULT NULL,
  `location` varchar(255) DEFAULT NULL,
  `website` varchar(255) DEFAULT NULL,
  `bio` text,
  `rating` int(11) NOT NULL DEFAULT '0',
  `posts_count` int(9) unsigned NOT NULL DEFAULT '0',
  `comments_count` int(9) unsigned NOT NULL DEFAULT '0',
  PRIMARY KEY (`user_id`)
) ENGINE=InnoDB DEFAULT CHARSET=utf8;

--
-- Дамп данных таблицы `profile`
--

INSERT INTO `profile` (`user_id`, `name`, `public_email`, `gravatar_email`, `gravatar_id`, `location`, `website`, `bio`, `rating`, `posts_count`, `comments_count`) VALUES
(1, NULL, NULL, 'admin@m.cc', 'e7b07006fec2f0688ed2f66e347770e6', NULL, NULL, NULL, 0, 0, 0),
(3, NULL, NULL, 'admin@asd.ddd', '9fa61f18ffe8813be3541ba1b1978933', NULL, NULL, NULL, 0, 0, 0),
(4, NULL, NULL, 'admin@sdf.cc', 'f875df017f0f145100c541cde97dcc61', NULL, NULL, NULL, 0, 0, 0),
(5, NULL, NULL, 'admin@sdf.cce', 'ae15b77801a9a5b2345923e0b4a404ff', NULL, NULL, NULL, 0, 0, 0),
(6, NULL, NULL, 'admin@sdf.ccw', '788f0eadf52b785a71b899e80260860a', NULL, NULL, NULL, 0, 0, 0),
(7, NULL, NULL, 'asdf@dsfdsf.dd', '2209b08334f83813766ae9aa1666c3ae', NULL, NULL, NULL, 0, 0, 0),
(11, NULL, NULL, 'dsf@ff.cc', '400560b0314020461b04c89308f797af', NULL, NULL, NULL, 0, 0, 0),
(12, NULL, NULL, 'admin@sdf.ff', '6dc9bc2e9d1c821100c024c83a49a162', NULL, NULL, NULL, 0, 0, 0);

-- --------------------------------------------------------

--
-- Структура таблицы `social_account`
--

CREATE TABLE IF NOT EXISTS `social_account` (
  `id` int(11) NOT NULL AUTO_INCREMENT,
  `user_id` int(11) DEFAULT NULL,
  `provider` varchar(255) NOT NULL,
  `client_id` varchar(255) NOT NULL,
  `data` text,
  PRIMARY KEY (`id`),
  UNIQUE KEY `account_unique` (`provider`,`client_id`),
  KEY `fk_user_account` (`user_id`)
) ENGINE=InnoDB  DEFAULT CHARSET=utf8 AUTO_INCREMENT=5 ;

--
-- Дамп данных таблицы `social_account`
--

INSERT INTO `social_account` (`id`, `user_id`, `provider`, `client_id`, `data`) VALUES
(4, 11, 'twitter', '128245852', '{"id":128245852,"id_str":"128245852","name":"Roman Koloda","screen_name":"kolo_da","location":"\\u041b\\u044c\\u0432\\u0456\\u0432","profile_location":null,"description":"Web-\\u0440\\u043e\\u0437\\u0440\\u043e\\u0431\\u043a\\u0430, \\u0432\\u0435\\u043b\\u043e\\u0441\\u0438\\u043f\\u0435\\u0434 \\u0456 \\u0442\\u0440\\u043e\\u0445\\u0438 \\u0432\\u0438\\u043f\\u0438\\u0432\\u043a\\u0438","url":null,"entities":{"description":{"urls":[]}},"protected":false,"followers_count":25,"friends_count":51,"listed_count":1,"created_at":"Wed Mar 31 15:13:53 +0000 2010","favourites_count":4,"utc_offset":7200,"time_zone":"Athens","geo_enabled":false,"verified":false,"statuses_count":175,"lang":"ru","status":{"created_at":"Wed Jan 21 15:22:38 +0000 2015","id":557921217798103040,"id_str":"557921217798103040","text":"@HomadskeZP","source":"<a href=\\"http:\\/\\/www.WindowsPhone.com\\/\\" rel=\\"nofollow\\">Windows Phone<\\/a>","truncated":false,"in_reply_to_status_id":557919022239735808,"in_reply_to_status_id_str":"557919022239735808","in_reply_to_user_id":2862444826,"in_reply_to_user_id_str":"2862444826","in_reply_to_screen_name":"HromadskeZP","geo":null,"coordinates":null,"place":null,"contributors":null,"retweet_count":0,"favorite_count":0,"entities":{"hashtags":[],"symbols":[],"user_mentions":[],"urls":[]},"favorited":false,"retweeted":false,"lang":"und"},"contributors_enabled":false,"is_translator":false,"is_translation_enabled":false,"profile_background_color":"000000","profile_background_image_url":"http:\\/\\/pbs.twimg.com\\/profile_background_images\\/743212677\\/ab69fb4b49647d8b52189b8224e3bda0.jpeg","profile_background_image_url_https":"https:\\/\\/pbs.twimg.com\\/profile_background_images\\/743212677\\/ab69fb4b49647d8b52189b8224e3bda0.jpeg","profile_background_tile":false,"profile_image_url":"http:\\/\\/pbs.twimg.com\\/profile_images\\/910233765\\/12032010694_normal.jpg","profile_image_url_https":"https:\\/\\/pbs.twimg.com\\/profile_images\\/910233765\\/12032010694_normal.jpg","profile_banner_url":"https:\\/\\/pbs.twimg.com\\/profile_banners\\/128245852\\/1369814446","profile_link_color":"666666","profile_sidebar_border_color":"999999","profile_sidebar_fill_color":"121212","profile_text_color":"990000","profile_use_background_image":true,"default_profile":false,"default_profile_image":false,"following":false,"follow_request_sent":false,"notifications":false}');

-- --------------------------------------------------------

--
-- Структура таблицы `tag`
--

CREATE TABLE IF NOT EXISTS `tag` (
  `id` int(16) NOT NULL AUTO_INCREMENT,
  `text` varchar(128) CHARACTER SET utf8 NOT NULL,
  `posts_count` int(16) DEFAULT '0',
  PRIMARY KEY (`id`)
) ENGINE=InnoDB  DEFAULT CHARSET=latin1 AUTO_INCREMENT=6 ;

--
-- Дамп данных таблицы `tag`
--

INSERT INTO `tag` (`id`, `text`, `posts_count`) VALUES
(1, 'tag0', 0),
(2, 'tag1', 0),
(3, 'tag2 some long long tag', 0),
(4, 'tag3', 0),
(5, 'tag4 and one more long tag to test input', 0);

-- --------------------------------------------------------

--
-- Структура таблицы `tag_ignore`
--

CREATE TABLE IF NOT EXISTS `tag_ignore` (
  `tag_id` int(16) NOT NULL,
  `user_id` int(11) NOT NULL,
  UNIQUE KEY `subscription` (`tag_id`,`user_id`),
  KEY `tag` (`tag_id`),
  KEY `user` (`user_id`)
) ENGINE=InnoDB DEFAULT CHARSET=utf8;

-- --------------------------------------------------------

--
-- Структура таблицы `tag_subscription`
--

CREATE TABLE IF NOT EXISTS `tag_subscription` (
  `tag_id` int(16) NOT NULL,
  `user_id` int(11) NOT NULL,
  UNIQUE KEY `subscription` (`tag_id`,`user_id`),
  KEY `tag` (`tag_id`),
  KEY `user` (`user_id`)
) ENGINE=InnoDB DEFAULT CHARSET=utf8;

-- --------------------------------------------------------

--
-- Структура таблицы `tag_to_post`
--

CREATE TABLE IF NOT EXISTS `tag_to_post` (
  `tag_id` int(16) NOT NULL,
  `post_id` int(16) NOT NULL,
  KEY `index_tag_id` (`tag_id`),
  KEY `index_post_id` (`post_id`)
) ENGINE=InnoDB DEFAULT CHARSET=latin1;

--
-- Дамп данных таблицы `tag_to_post`
--

INSERT INTO `tag_to_post` (`tag_id`, `post_id`) VALUES
(1, 45),
(2, 45),
(1, 46),
(3, 46),
(2, 47),
(5, 47),
(1, 48),
(2, 48),
(3, 48);

--
-- Триггеры `tag_to_post`
--
DROP TRIGGER IF EXISTS `insert_tag_to_post`;
DELIMITER //
CREATE TRIGGER `insert_tag_to_post` BEFORE INSERT ON `tag_to_post`
 FOR EACH ROW BEGIN
    UPDATE tag SET posts_count = posts_count + 1 WHERE id = NEW.tag_id;
 END
//
DELIMITER ;

-- --------------------------------------------------------

--
-- Структура таблицы `token`
--

CREATE TABLE IF NOT EXISTS `token` (
  `user_id` int(11) NOT NULL,
  `code` varchar(32) NOT NULL,
  `created_at` int(11) NOT NULL,
  `type` smallint(6) NOT NULL,
  UNIQUE KEY `token_unique` (`user_id`,`code`,`type`)
) ENGINE=InnoDB DEFAULT CHARSET=utf8;

--
-- Дамп данных таблицы `token`
--

INSERT INTO `token` (`user_id`, `code`, `created_at`, `type`) VALUES
(1, 'OYhOGE5ThnqGmtkhl2yMZFZI3Qdvq_ZL', 1423056410, 0),
(3, '3cQDJ2Vs7v-S4oNfcZpGx8094-Xtsyq_', 1423079811, 0),
(4, 'fXUQxrCRT92pGRQBpGVb5sJj-nWmoeQc', 1423152142, 0),
(5, '44BOH5Q2KkiP5P8naATAFpYtjdwxG0o4', 1423152222, 0),
(6, 'rdg-U2sCBBRwQvDomt1wuPZ910k9CPNk', 1423152305, 0),
(7, 'SFBIBuA90qZH3JAdj8qCidsOi_6Kjl4n', 1423154029, 0),
(12, 'iUwO9ZMaKE5s8ICimEeIr-bz_xJTMT-U', 1423165569, 0);

-- --------------------------------------------------------

--
-- Структура таблицы `user`
--

CREATE TABLE IF NOT EXISTS `user` (
  `id` int(11) NOT NULL AUTO_INCREMENT,
  `username` varchar(25) NOT NULL,
  `email` varchar(255) NOT NULL,
  `password_hash` varchar(60) NOT NULL,
  `auth_key` varchar(32) NOT NULL,
  `confirmed_at` int(11) DEFAULT NULL,
  `unconfirmed_email` varchar(255) DEFAULT NULL,
  `blocked_at` int(11) DEFAULT NULL,
  `registration_ip` varchar(45) DEFAULT NULL,
  `created_at` int(11) NOT NULL,
  `updated_at` int(11) NOT NULL,
  `flags` int(11) NOT NULL DEFAULT '0',
  PRIMARY KEY (`id`),
  UNIQUE KEY `user_unique_username` (`username`),
  UNIQUE KEY `user_unique_email` (`email`)
) ENGINE=InnoDB  DEFAULT CHARSET=utf8 AUTO_INCREMENT=13 ;

--
-- Дамп данных таблицы `user`
--

INSERT INTO `user` (`id`, `username`, `email`, `password_hash`, `auth_key`, `confirmed_at`, `unconfirmed_email`, `blocked_at`, `registration_ip`, `created_at`, `updated_at`, `flags`) VALUES
(1, 'admin', 'admin@m.cc', '$2y$10$69iAJhCbtFGgmA9jDXfvl.5zwsjS6Ss0elMKzcU/v5d7ScvMsg60W', 'Ppz7zGfIOlySEk9vJtn2GNR5ieHegA9v', 1423056716, NULL, NULL, '127.0.0.1', 1423056410, 1423056410, 0),
(3, 'qweqwe', 'admin@asd.ddd', '$2y$10$S/z1C65CBvCosNE9lZILUuJSKVkLhtLNczfPK2empNr8/yUlO2uou', 'RvZGfvEUu4zQlZQjp9Kb-9ZEBkwKqwrC', NULL, NULL, NULL, '127.0.0.1', 1423079810, 1423079810, 0),
(4, 'qwe', 'admin@sdf.cc', '$2y$10$qU2YCh5JvEDVmqyb3ULrZeqlIQk6o/bpsVnNxoQU2BDXpjbvddJgi', 'zrSnDtLM0xD27Fw6ElhIGyp0SvpZ6ipo', NULL, NULL, NULL, '127.0.0.1', 1423152142, 1423152142, 0),
(5, 'qweqwewe', 'admin@sdf.cce', '$2y$10$WhTe6F39HWV1FKeFvjsz7ulxsE25GUjlqpAgy.OwT3LpJrB07OQ9K', 'cN3G109kN2FQhZtLPiYvqliPiHd2HqVf', NULL, NULL, NULL, '127.0.0.1', 1423152222, 1423152222, 0),
(6, 'qweqweweqq', 'admin@sdf.ccw', '$2y$10$7Vt2nEspPblK5fjDa7VUsOUA5nUuvYZSP9Qp9jo6jG68Oq0do5qMS', 'R3wlH9jOCEUQxIyMwVTvDrslKG96q64Q', NULL, NULL, NULL, '127.0.0.1', 1423152305, 1423152305, 0),
(7, 'asdasd', 'asdf@dsfdsf.dd', '$2y$10$B3SmSUtJfGBSXxD5g/wh..MnPiFzF01Y7qmK1yy3Jdp4iyCq/OwuO', 'iX43oIWuSXKIsElD7_NliYHZ6AlHbyqP', NULL, NULL, NULL, '127.0.0.1', 1423154028, 1423154028, 0),
(11, 'adasdasdasd', 'dsf@ff.cc', '$2y$10$2FmrOCIHQcEbWDHGHofWuuMC25g6qymNnh67VgANBoZzlyiMa5vn.', 'v9xqGdwJBzVNFXE6bv8z45ujnAv7NlgM', 1423162313, NULL, NULL, '127.0.0.1', 1423162314, 1423162314, 0),
(12, 'asdasdsd11', 'admin@sdf.ff', '$2y$10$/iYA5usR2qcmm2q.rbkOr.7vndwUJSBU/W/AG2EG0InmRlG0ULy4i', 'JC8358CkcECK8kdVZf9C70WhINtiQplR', NULL, NULL, NULL, '127.0.0.1', 1423165569, 1423165569, 0);

-- --------------------------------------------------------

--
-- Структура таблицы `user_ignore`
--

CREATE TABLE IF NOT EXISTS `user_ignore` (
  `ignored_id` int(16) NOT NULL,
  `user_id` int(11) NOT NULL,
  UNIQUE KEY `ignore` (`ignored_id`,`user_id`),
  KEY `ignored` (`ignored_id`),
  KEY `user` (`user_id`)
) ENGINE=InnoDB DEFAULT CHARSET=utf8;

-- --------------------------------------------------------

--
-- Структура таблицы `user_subscription`
--

CREATE TABLE IF NOT EXISTS `user_subscription` (
  `user_id` int(11) NOT NULL,
  `follower_id` int(16) NOT NULL,
  UNIQUE KEY `subscription` (`follower_id`,`user_id`),
  KEY `follower` (`follower_id`),
  KEY `user` (`user_id`)
) ENGINE=InnoDB DEFAULT CHARSET=utf8;

-- --------------------------------------------------------

--
-- Структура таблицы `vs_database_diagrams`
--

CREATE TABLE IF NOT EXISTS `vs_database_diagrams` (
  `name` char(80) DEFAULT NULL,
  `diadata` text,
  `comment` varchar(1022) DEFAULT NULL,
  `preview` text,
  `lockinfo` char(80) DEFAULT NULL,
  `locktime` timestamp NOT NULL DEFAULT CURRENT_TIMESTAMP ON UPDATE CURRENT_TIMESTAMP,
  `version` char(80) DEFAULT NULL
) ENGINE=InnoDB DEFAULT CHARSET=latin1;

--
-- Дамп данных таблицы `vs_database_diagrams`
--

INSERT INTO `vs_database_diagrams` (`name`, `diadata`, `comment`, `preview`, `lockinfo`, `locktime`, `version`) VALUES
('Pika', 'PD94bWwgdmVyc2lvbj0iMS4wIiBlbmNvZGluZz0idXRmLTgiPz4KPHByb3BlcnRpZXM+Cgk8Q29udHJvbHM+CgkJPFBpa2E+CgkJCTxQcm9wZXJ0aWVzPgoJCQkJPF5sb2NrIHZhbHVlPSIwIi8+CgkJCQk8YmFja19jb2xvciB2YWx1ZT0iRkZGRkZGIi8+CgkJCQk8Z2FtbWEgdmFsdWU9IjAiLz4KCQkJCTxuYW1lIHZhbHVlPSJQaWthIi8+CgkJCQk8c2l6ZSB2YWx1ZT0iMjA0ODsyMDQ4Ii8+CgkJCQk8c3R5bGUgdmFsdWU9IjQiLz4KCQkJCTxzdHlsZV9saW5rcyB2YWx1ZT0iMCIvPgoJCQkJPHVuaXRzIHZhbHVlPSI1Ii8+CgkJCTwvUHJvcGVydGllcz4KCQkJPFR5cGUgdmFsdWU9IkRpYWdyYW0iLz4KCQk8L1Bpa2E+Cgk8L0NvbnRyb2xzPgoJPEdVST4KCQk8RnVsbFRvb2xiYXJMZWZ0IHZhbHVlPSIxIi8+CgkJPEZ1bGxUb29sYmFyUmlnaHQgdmFsdWU9IjEiLz4KCQk8UGFnZUVkaXRvciB2YWx1ZT0iLTEiLz4KCQk8UGFnZUVkaXRvckggdmFsdWU9IjI4MCIvPgoJCTxQYWdlVG9vbGJhckxlZnQgdmFsdWU9IjEiLz4KCQk8UGFnZVRvb2xiYXJSQiB2YWx1ZT0iMCIvPgoJCTxQYWdlVG9vbGJhclJpZ2h0IHZhbHVlPSIwIi8+CgkJPFBhbmVDbGlwYm9hcmQgdmFsdWU9IjAiLz4KCQk8UGFuZUxheW91dCB2YWx1ZT0iMCIvPgoJCTxQYW5lVmlldyB2YWx1ZT0iMCIvPgoJCTxTY3JvbGxYIHZhbHVlPSIwIi8+CgkJPFNjcm9sbFkgdmFsdWU9IjAiLz4KCQk8U2VsZWN0aW9uIHZhbHVlPSJVR2xyWVE9PSIvPgoJCTxTaG93QWxsIHZhbHVlPSIxIi8+CgkJPFNob3dDaGFuZ2VzIHZhbHVlPSIxIi8+CgkJPFNob3dHTCB2YWx1ZT0iMSIvPgoJCTxTaG93R3JpZCB2YWx1ZT0iMSIvPgoJCTxVc2VHcmlkIHZhbHVlPSIwIi8+Cgk8L0dVST4KPC9wcm9wZXJ0aWVzPgoK', NULL, 'iVBORw0KGgoAAAANSUhEUgAAAAEAAAABCAIAAACQd1PeAAAABmJLR0QA/wD/AP+gvaeTAAAADElEQVQImWP4//8/AAX+Av5Y8msOAAAAAElFTkSuQmCC', NULL, '2015-02-11 17:09:02', '2'),
('rtf', 'PD94bWwgdmVyc2lvbj0iMS4wIiBlbmNvZGluZz0idXRmLTgiPz4KPHByb3BlcnRpZXM+Cgk8Q29udHJvbHM+CgkJPFRhYmxlPgoJCQk8UGFyZW50IHZhbHVlPSIjVE9QIi8+CgkJCTxQcm9wZXJ0aWVzPgoJCQkJPF5jaGVja3MgdmFsdWU9IjAiLz4KCQkJCTxeZ3JvdXAgdmFsdWU9Ii0xIi8+CgkJCQk8XmhlaWdodCB2YWx1ZT0iLTEiLz4KCQkJCTxeaW5kZXhlcyB2YWx1ZT0iMCIvPgoJCQkJPF5sZXZlbCB2YWx1ZT0iMyIvPgoJCQkJPF5saW5rcyB2YWx1ZT0iMCIvPgoJCQkJPF5sb2NrIHZhbHVlPSIwIi8+CgkJCQk8Xm1ldGhvZHMgdmFsdWU9IjAiLz4KCQkJCTxebWluaW1pemVkIHZhbHVlPSIwIi8+CgkJCQk8XnByb3BlcnRpZXMgdmFsdWU9IjAiLz4KCQkJCTxedHJpZ2dlcnMgdmFsdWU9IjAiLz4KCQkJCTxedW5pcXVlcyB2YWx1ZT0iMCIvPgoJCQkJPGJhY2tfY29sb3IgdmFsdWU9IkI0RDY0NzAwIi8+CgkJCQk8bmFtZSB2YWx1ZT0iVGFibGUiLz4KCQkJCTxwb3NpdGlvbiB2YWx1ZT0iNDUyOzE1OSIvPgoJCQkJPHNpemUgdmFsdWU9IjE1MDsxMjIiLz4KCQkJPC9Qcm9wZXJ0aWVzPgoJCQk8VHlwZSB2YWx1ZT0iVGFibGUiLz4KCQk8L1RhYmxlPgoJCTxUYWJsZTE+CgkJCTxQYXJlbnQgdmFsdWU9IiNUT1AiLz4KCQkJPFByb3BlcnRpZXM+CgkJCQk8XmNoZWNrcyB2YWx1ZT0iMCIvPgoJCQkJPF5ncm91cCB2YWx1ZT0iLTEiLz4KCQkJCTxeaGVpZ2h0IHZhbHVlPSItMSIvPgoJCQkJPF5pbmRleGVzIHZhbHVlPSIwIi8+CgkJCQk8XmxldmVsIHZhbHVlPSIyIi8+CgkJCQk8XmxpbmtzIHZhbHVlPSIwIi8+CgkJCQk8XmxvY2sgdmFsdWU9IjAiLz4KCQkJCTxebWV0aG9kcyB2YWx1ZT0iMCIvPgoJCQkJPF5taW5pbWl6ZWQgdmFsdWU9IjAiLz4KCQkJCTxecHJvcGVydGllcyB2YWx1ZT0iMCIvPgoJCQkJPF50cmlnZ2VycyB2YWx1ZT0iMCIvPgoJCQkJPF51bmlxdWVzIHZhbHVlPSIwIi8+CgkJCQk8YmFja19jb2xvciB2YWx1ZT0iQjRENjQ3MDAiLz4KCQkJCTxuYW1lIHZhbHVlPSJUYWJsZTEiLz4KCQkJCTxwb3NpdGlvbiB2YWx1ZT0iMjE1OzI0NiIvPgoJCQkJPHNpemUgdmFsdWU9IjE5NjsyNDgiLz4KCQkJPC9Qcm9wZXJ0aWVzPgoJCQk8VHlwZSB2YWx1ZT0iVGFibGUiLz4KCQk8L1RhYmxlMT4KCQk8VGFibGUyPgoJCQk8UGFyZW50IHZhbHVlPSIjVE9QIi8+CgkJCTxQcm9wZXJ0aWVzPgoJCQkJPF5jaGVja3MgdmFsdWU9IjAiLz4KCQkJCTxeZ3JvdXAgdmFsdWU9Ii0xIi8+CgkJCQk8XmhlaWdodCB2YWx1ZT0iLTEiLz4KCQkJCTxeaW5kZXhlcyB2YWx1ZT0iMCIvPgoJCQkJPF5sZXZlbCB2YWx1ZT0iMSIvPgoJCQkJPF5saW5rcyB2YWx1ZT0iMCIvPgoJCQkJPF5sb2NrIHZhbHVlPSIwIi8+CgkJCQk8Xm1ldGhvZHMgdmFsdWU9IjAiLz4KCQkJCTxebWluaW1pemVkIHZhbHVlPSIwIi8+CgkJCQk8XnByb3BlcnRpZXMgdmFsdWU9IjAiLz4KCQkJCTxedHJpZ2dlcnMgdmFsdWU9IjAiLz4KCQkJCTxedW5pcXVlcyB2YWx1ZT0iMCIvPgoJCQkJPGJhY2tfY29sb3IgdmFsdWU9IkI0RDY0NzAwIi8+CgkJCQk8bmFtZSB2YWx1ZT0iVGFibGUyIi8+CgkJCQk8cG9zaXRpb24gdmFsdWU9IjU1ODs2MDkiLz4KCQkJCTxzaXplIHZhbHVlPSIxMjk7NjgiLz4KCQkJPC9Qcm9wZXJ0aWVzPgoJCQk8VHlwZSB2YWx1ZT0iVGFibGUiLz4KCQk8L1RhYmxlMj4KCQk8cnRmPgoJCQk8UHJvcGVydGllcz4KCQkJCTxebG9jayB2YWx1ZT0iMCIvPgoJCQkJPGJhY2tfY29sb3IgdmFsdWU9IkZGRkZGRiIvPgoJCQkJPGdhbW1hIHZhbHVlPSIwIi8+CgkJCQk8bmFtZSB2YWx1ZT0icnRmIi8+CgkJCQk8c2l6ZSB2YWx1ZT0iMjA0ODsyMDQ4Ii8+CgkJCQk8c3R5bGUgdmFsdWU9IjQiLz4KCQkJCTxzdHlsZV9saW5rcyB2YWx1ZT0iMCIvPgoJCQkJPHVuaXRzIHZhbHVlPSI1Ii8+CgkJCTwvUHJvcGVydGllcz4KCQkJPFR5cGUgdmFsdWU9IkRpYWdyYW0iLz4KCQk8L3J0Zj4KCTwvQ29udHJvbHM+Cgk8R1VJPgoJCTxGdWxsVG9vbGJhckxlZnQgdmFsdWU9IjEiLz4KCQk8RnVsbFRvb2xiYXJSaWdodCB2YWx1ZT0iMSIvPgoJCTxQYWdlRWRpdG9yIHZhbHVlPSItMSIvPgoJCTxQYWdlRWRpdG9ySCB2YWx1ZT0iMCIvPgoJCTxQYWdlVG9vbGJhckxlZnQgdmFsdWU9IjAiLz4KCQk8UGFnZVRvb2xiYXJSQiB2YWx1ZT0iMCIvPgoJCTxQYWdlVG9vbGJhclJpZ2h0IHZhbHVlPSIwIi8+CgkJPFBhbmVDbGlwYm9hcmQgdmFsdWU9IjAiLz4KCQk8UGFuZUxheW91dCB2YWx1ZT0iMCIvPgoJCTxQYW5lVmlldyB2YWx1ZT0iMCIvPgoJCTxTY3JvbGxYIHZhbHVlPSIwIi8+CgkJPFNjcm9sbFkgdmFsdWU9IjAiLz4KCQk8U2VsZWN0aW9uIHZhbHVlPSJWR0ZpYkdVeSIvPgoJCTxTaG93QWxsIHZhbHVlPSIxIi8+CgkJPFNob3dDaGFuZ2VzIHZhbHVlPSIxIi8+CgkJPFNob3dHTCB2YWx1ZT0iMSIvPgoJCTxTaG93R3JpZCB2YWx1ZT0iMSIvPgoJCTxVc2VHcmlkIHZhbHVlPSIwIi8+Cgk8L0dVST4KCTxNb2RlbD4KCQk8cGlrYWJ1PgoJCQk8dGFibGU+CgkJCQk8bzA+CgkJCQkJPENoYW5nZXMgdmFsdWU9IiIvPgoJCQkJCTxQcm9wZXJ0aWVzPgoJCQkJCQk8QXV0b2luY3JlbWVudCB2YWx1ZT0iMSIvPgoJCQkJCQk8QXZlcmFnZV9Sb3dfU2l6ZSB2YWx1ZT0iMCIvPgoJCQkJCQk8Q2hhcnNldCB2YWx1ZT0ibGF0aW4xIi8+CgkJCQkJCTxDb2xsYXRpb24gdmFsdWU9ImxhdGluMV9zd2VkaXNoX2NpIi8+CgkJCQkJCTxDb21tZW50IHZhbHVlPSIiLz4KCQkJCQkJPENyZWF0ZV9UaW1lIHZhbHVlPSIyMDE1LTAyLTExIDE4OjQxOjU1Ii8+CgkJCQkJCTxFbmdpbmUgdmFsdWU9Iklubm9EQiIvPgoJCQkJCQk8RmllbGRfQ291bnQgdmFsdWU9IjMiLz4KCQkJCQkJPEluZGV4X0NvdW50IHZhbHVlPSIxIi8+CgkJCQkJCTxMaW5rX0NvdW50IHZhbHVlPSIwIi8+CgkJCQkJCTxOYW1lIHZhbHVlPSJ0YWciLz4KCQkJCQkJPFByaW1hcnlfS2V5IHZhbHVlPSJhV1E9Ii8+CgkJCQkJCTxSZWNvcmRfQ291bnQgdmFsdWU9IjAiLz4KCQkJCQkJPFNpemUgdmFsdWU9IjE2LjAwIEtiIi8+CgkJCQkJCTxUcmlnZ2VyX0NvdW50IHZhbHVlPSIwIi8+CgkJCQkJCTxVbmlxdWVfQ291bnQgdmFsdWU9IjEiLz4KCQkJCQkJPFVwZGF0ZV9UaW1lIHZhbHVlPSIiLz4KCQkJCQk8L1Byb3BlcnRpZXM+CgkJCQkJPGNvbnRyb2wgdmFsdWU9IlRhYmxlIi8+CgkJCQkJPGRlbGV0ZSB2YWx1ZT0iMCIvPgoJCQkJCTxmaWVsZD4KCQkJCQkJPG8wPgoJCQkJCQkJPENoYW5nZXMgdmFsdWU9IiIvPgoJCQkJCQkJPFByb3BlcnRpZXM+CgkJCQkJCQkJPEF1dG9pbmNyZW1lbnQgdmFsdWU9IjEiLz4KCQkJCQkJCQk8Q2hhcnNldCB2YWx1ZT0iIi8+CgkJCQkJCQkJPENvbGxhdGlvbiB2YWx1ZT0iIi8+CgkJCQkJCQkJPENvbW1lbnQgdmFsdWU9IiIvPgoJCQkJCQkJCTxEZWZhdWx0X1ZhbHVlIHZhbHVlPSIiLz4KCQkJCQkJCQk8RmllbGRfUG9zaXRpb24gdmFsdWU9IjEiLz4KCQkJCQkJCQk8SW5kZXhlZCB2YWx1ZT0iMSIvPgoJCQkJCQkJCTxMZW5ndGggdmFsdWU9IjE2Ii8+CgkJCQkJCQkJPE5hbWUgdmFsdWU9ImlkIi8+CgkJCQkJCQkJPE51bGxhYmxlIHZhbHVlPSIwIi8+CgkJCQkJCQkJPE9uX1VwZGF0ZV9TZXRfQ3VycmVudCB2YWx1ZT0iMCIvPgoJCQkJCQkJCTxQcmVjaXNpb24gdmFsdWU9IjEwIi8+CgkJCQkJCQkJPFNjYWxlIHZhbHVlPSIwIi8+CgkJCQkJCQkJPFR5cGUgdmFsdWU9IkludCIvPgoJCQkJCQkJCTxVbmlxdWUgdmFsdWU9IjEiLz4KCQkJCQkJCQk8VW5zaWduZWQgdmFsdWU9IjAiLz4KCQkJCQkJCQk8WmVyb2ZpbGwgdmFsdWU9IjAiLz4KCQkJCQkJCTwvUHJvcGVydGllcz4KCQkJCQkJCTxjb250cm9sIHZhbHVlPSIiLz4KCQkJCQkJCTxkZWxldGUgdmFsdWU9IjAiLz4KCQkJCQkJCTxuYW1lIHZhbHVlPSJpZCIvPgoJCQkJCQk8L28wPgoJCQkJCQk8bzE+CgkJCQkJCQk8Q2hhbmdlcyB2YWx1ZT0iIi8+CgkJCQkJCQk8UHJvcGVydGllcz4KCQkJCQkJCQk8QXV0b2luY3JlbWVudCB2YWx1ZT0iMCIvPgoJCQkJCQkJCTxDaGFyc2V0IHZhbHVlPSIiLz4KCQkJCQkJCQk8Q29sbGF0aW9uIHZhbHVlPSIiLz4KCQkJCQkJCQk8Q29tbWVudCB2YWx1ZT0iIi8+CgkJCQkJCQkJPERlZmF1bHRfVmFsdWUgdmFsdWU9IiIvPgoJCQkJCQkJCTxGaWVsZF9Qb3NpdGlvbiB2YWx1ZT0iMyIvPgoJCQkJCQkJCTxJbmRleGVkIHZhbHVlPSIwIi8+CgkJCQkJCQkJPExlbmd0aCB2YWx1ZT0iMTYiLz4KCQkJCQkJCQk8TmFtZSB2YWx1ZT0icG9zdHNfY291bnQiLz4KCQkJCQkJCQk8TnVsbGFibGUgdmFsdWU9IjAiLz4KCQkJCQkJCQk8T25fVXBkYXRlX1NldF9DdXJyZW50IHZhbHVlPSIwIi8+CgkJCQkJCQkJPFByZWNpc2lvbiB2YWx1ZT0iMTAiLz4KCQkJCQkJCQk8U2NhbGUgdmFsdWU9IjAiLz4KCQkJCQkJCQk8VHlwZSB2YWx1ZT0iSW50Ii8+CgkJCQkJCQkJPFVuaXF1ZSB2YWx1ZT0iMCIvPgoJCQkJCQkJCTxVbnNpZ25lZCB2YWx1ZT0iMCIvPgoJCQkJCQkJCTxaZXJvZmlsbCB2YWx1ZT0iMCIvPgoJCQkJCQkJPC9Qcm9wZXJ0aWVzPgoJCQkJCQkJPGNvbnRyb2wgdmFsdWU9IiIvPgoJCQkJCQkJPGRlbGV0ZSB2YWx1ZT0iMCIvPgoJCQkJCQkJPG5hbWUgdmFsdWU9InBvc3RzX2NvdW50Ii8+CgkJCQkJCTwvbzE+CgkJCQkJCTxvMj4KCQkJCQkJCTxDaGFuZ2VzIHZhbHVlPSIiLz4KCQkJCQkJCTxQcm9wZXJ0aWVzPgoJCQkJCQkJCTxBdXRvaW5jcmVtZW50IHZhbHVlPSIwIi8+CgkJCQkJCQkJPENoYXJzZXQgdmFsdWU9InV0ZjgiLz4KCQkJCQkJCQk8Q29sbGF0aW9uIHZhbHVlPSJ1dGY4X2dlbmVyYWxfY2kiLz4KCQkJCQkJCQk8Q29tbWVudCB2YWx1ZT0iIi8+CgkJCQkJCQkJPERlZmF1bHRfVmFsdWUgdmFsdWU9IiIvPgoJCQkJCQkJCTxGaWVsZF9Qb3NpdGlvbiB2YWx1ZT0iMiIvPgoJCQkJCQkJCTxJbmRleGVkIHZhbHVlPSIwIi8+CgkJCQkJCQkJPExlbmd0aCB2YWx1ZT0iMTI4Ii8+CgkJCQkJCQkJPE5hbWUgdmFsdWU9InRleHQiLz4KCQkJCQkJCQk8TnVsbGFibGUgdmFsdWU9IjAiLz4KCQkJCQkJCQk8T25fVXBkYXRlX1NldF9DdXJyZW50IHZhbHVlPSIwIi8+CgkJCQkJCQkJPFByZWNpc2lvbiB2YWx1ZT0iMCIvPgoJCQkJCQkJCTxTY2FsZSB2YWx1ZT0iMCIvPgoJCQkJCQkJCTxUeXBlIHZhbHVlPSJWYXJDaGFyIi8+CgkJCQkJCQkJPFVuaXF1ZSB2YWx1ZT0iMCIvPgoJCQkJCQkJCTxVbnNpZ25lZCB2YWx1ZT0iMCIvPgoJCQkJCQkJCTxaZXJvZmlsbCB2YWx1ZT0iMCIvPgoJCQkJCQkJPC9Qcm9wZXJ0aWVzPgoJCQkJCQkJPGNvbnRyb2wgdmFsdWU9IiIvPgoJCQkJCQkJPGRlbGV0ZSB2YWx1ZT0iMCIvPgoJCQkJCQkJPG5hbWUgdmFsdWU9InRleHQiLz4KCQkJCQkJPC9vMj4KCQkJCQk8L2ZpZWxkPgoJCQkJCTxpbmRleD4KCQkJCQkJPG8wPgoJCQkJCQkJPENoYW5nZXMgdmFsdWU9IiIvPgoJCQkJCQkJPFByb3BlcnRpZXM+CgkJCQkJCQkJPENvbW1lbnQgdmFsdWU9IiIvPgoJCQkJCQkJCTxGaWVsZHMgdmFsdWU9ImFXUT0iLz4KCQkJCQkJCQk8TmFtZSB2YWx1ZT0iUFJJTUFSWSIvPgoJCQkJCQkJCTxUeXBlIHZhbHVlPSJCVFJFRSIvPgoJCQkJCQkJCTxVbmlxdWUgdmFsdWU9IjEiLz4KCQkJCQkJCTwvUHJvcGVydGllcz4KCQkJCQkJCTxjb250cm9sIHZhbHVlPSIiLz4KCQkJCQkJCTxkZWxldGUgdmFsdWU9IjAiLz4KCQkJCQkJCTxuYW1lIHZhbHVlPSJQUklNQVJZIi8+CgkJCQkJCTwvbzA+CgkJCQkJPC9pbmRleD4KCQkJCQk8bmFtZSB2YWx1ZT0idGFnIi8+CgkJCQkJPHVuaXF1ZT4KCQkJCQkJPG8wPgoJCQkJCQkJPENoYW5nZXMgdmFsdWU9IiIvPgoJCQkJCQkJPFByb3BlcnRpZXM+CgkJCQkJCQkJPEZpZWxkcyB2YWx1ZT0iYVdRPSIvPgoJCQkJCQkJCTxOYW1lIHZhbHVlPSJQUklNQVJZIi8+CgkJCQkJCQk8L1Byb3BlcnRpZXM+CgkJCQkJCQk8Y29udHJvbCB2YWx1ZT0iIi8+CgkJCQkJCQk8ZGVsZXRlIHZhbHVlPSIwIi8+CgkJCQkJCQk8bmFtZSB2YWx1ZT0iUFJJTUFSWSIvPgoJCQkJCQk8L28wPgoJCQkJCTwvdW5pcXVlPgoJCQkJPC9vMD4KCQkJCTxvMT4KCQkJCQk8Q2hhbmdlcyB2YWx1ZT0iIi8+CgkJCQkJPFByb3BlcnRpZXM+CgkJCQkJCTxBdXRvaW5jcmVtZW50IHZhbHVlPSI4Ii8+CgkJCQkJCTxBdmVyYWdlX1Jvd19TaXplIHZhbHVlPSIyNzMwIi8+CgkJCQkJCTxDaGFyc2V0IHZhbHVlPSJsYXRpbjEiLz4KCQkJCQkJPENvbGxhdGlvbiB2YWx1ZT0ibGF0aW4xX3N3ZWRpc2hfY2kiLz4KCQkJCQkJPENvbW1lbnQgdmFsdWU9IiIvPgoJCQkJCQk8Q3JlYXRlX1RpbWUgdmFsdWU9IjIwMTUtMDItMTEgMTc6NDU6MDkiLz4KCQkJCQkJPEVuZ2luZSB2YWx1ZT0iSW5ub0RCIi8+CgkJCQkJCTxGaWVsZF9Db3VudCB2YWx1ZT0iMTAiLz4KCQkJCQkJPEluZGV4X0NvdW50IHZhbHVlPSIyIi8+CgkJCQkJCTxMaW5rX0NvdW50IHZhbHVlPSIxIi8+CgkJCQkJCTxOYW1lIHZhbHVlPSJwb3N0Ii8+CgkJCQkJCTxQcmltYXJ5X0tleSB2YWx1ZT0iYVdRPSIvPgoJCQkJCQk8UmVjb3JkX0NvdW50IHZhbHVlPSI2Ii8+CgkJCQkJCTxTaXplIHZhbHVlPSIzMi4wMCBLYiIvPgoJCQkJCQk8VHJpZ2dlcl9Db3VudCB2YWx1ZT0iMCIvPgoJCQkJCQk8VW5pcXVlX0NvdW50IHZhbHVlPSIxIi8+CgkJCQkJCTxVcGRhdGVfVGltZSB2YWx1ZT0iIi8+CgkJCQkJPC9Qcm9wZXJ0aWVzPgoJCQkJCTxjb250cm9sIHZhbHVlPSJUYWJsZTEiLz4KCQkJCQk8ZGVsZXRlIHZhbHVlPSIwIi8+CgkJCQkJPGZpZWxkPgoJCQkJCQk8bzA+CgkJCQkJCQk8Q2hhbmdlcyB2YWx1ZT0iIi8+CgkJCQkJCQk8UHJvcGVydGllcz4KCQkJCQkJCQk8QXV0b2luY3JlbWVudCB2YWx1ZT0iMCIvPgoJCQkJCQkJCTxDaGFyc2V0IHZhbHVlPSIiLz4KCQkJCQkJCQk8Q29sbGF0aW9uIHZhbHVlPSIiLz4KCQkJCQkJCQk8Q29tbWVudCB2YWx1ZT0iIi8+CgkJCQkJCQkJPERlZmF1bHRfVmFsdWUgdmFsdWU9IiIvPgoJCQkJCQkJCTxGaWVsZF9Qb3NpdGlvbiB2YWx1ZT0iNyIvPgoJCQkJCQkJCTxJbmRleGVkIHZhbHVlPSIwIi8+CgkJCQkJCQkJPExlbmd0aCB2YWx1ZT0iLTEiLz4KCQkJCQkJCQk8TmFtZSB2YWx1ZT0iY2FyZWF0ZWRfZGF0ZSIvPgoJCQkJCQkJCTxOdWxsYWJsZSB2YWx1ZT0iMCIvPgoJCQkJCQkJCTxPbl9VcGRhdGVfU2V0X0N1cnJlbnQgdmFsdWU9IjAiLz4KCQkJCQkJCQk8UHJlY2lzaW9uIHZhbHVlPSIwIi8+CgkJCQkJCQkJPFNjYWxlIHZhbHVlPSIwIi8+CgkJCQkJCQkJPFR5cGUgdmFsdWU9IkRhdGUiLz4KCQkJCQkJCQk8VW5pcXVlIHZhbHVlPSIwIi8+CgkJCQkJCQkJPFVuc2lnbmVkIHZhbHVlPSIwIi8+CgkJCQkJCQkJPFplcm9maWxsIHZhbHVlPSIwIi8+CgkJCQkJCQk8L1Byb3BlcnRpZXM+CgkJCQkJCQk8Y29udHJvbCB2YWx1ZT0iIi8+CgkJCQkJCQk8ZGVsZXRlIHZhbHVlPSIwIi8+CgkJCQkJCQk8bmFtZSB2YWx1ZT0iY2FyZWF0ZWRfZGF0ZSIvPgoJCQkJCQk8L28wPgoJCQkJCQk8bzE+CgkJCQkJCQk8Q2hhbmdlcyB2YWx1ZT0iIi8+CgkJCQkJCQk8UHJvcGVydGllcz4KCQkJCQkJCQk8QXV0b2luY3JlbWVudCB2YWx1ZT0iMCIvPgoJCQkJCQkJCTxDaGFyc2V0IHZhbHVlPSIiLz4KCQkJCQkJCQk8Q29sbGF0aW9uIHZhbHVlPSIiLz4KCQkJCQkJCQk8Q29tbWVudCB2YWx1ZT0iIi8+CgkJCQkJCQkJPERlZmF1bHRfVmFsdWUgdmFsdWU9IjAiLz4KCQkJCQkJCQk8RmllbGRfUG9zaXRpb24gdmFsdWU9IjgiLz4KCQkJCQkJCQk8SW5kZXhlZCB2YWx1ZT0iMCIvPgoJCQkJCQkJCTxMZW5ndGggdmFsdWU9IjkiLz4KCQkJCQkJCQk8TmFtZSB2YWx1ZT0iY29tbWVudHNfY291bnQiLz4KCQkJCQkJCQk8TnVsbGFibGUgdmFsdWU9IjEiLz4KCQkJCQkJCQk8T25fVXBkYXRlX1NldF9DdXJyZW50IHZhbHVlPSIwIi8+CgkJCQkJCQkJPFByZWNpc2lvbiB2YWx1ZT0iMTAiLz4KCQkJCQkJCQk8U2NhbGUgdmFsdWU9IjAiLz4KCQkJCQkJCQk8VHlwZSB2YWx1ZT0iSW50Ii8+CgkJCQkJCQkJPFVuaXF1ZSB2YWx1ZT0iMCIvPgoJCQkJCQkJCTxVbnNpZ25lZCB2YWx1ZT0iMSIvPgoJCQkJCQkJCTxaZXJvZmlsbCB2YWx1ZT0iMCIvPgoJCQkJCQkJPC9Qcm9wZXJ0aWVzPgoJCQkJCQkJPGNvbnRyb2wgdmFsdWU9IiIvPgoJCQkJCQkJPGRlbGV0ZSB2YWx1ZT0iMCIvPgoJCQkJCQkJPG5hbWUgdmFsdWU9ImNvbW1lbnRzX2NvdW50Ii8+CgkJCQkJCTwvbzE+CgkJCQkJCTxvMj4KCQkJCQkJCTxDaGFuZ2VzIHZhbHVlPSIiLz4KCQkJCQkJCTxQcm9wZXJ0aWVzPgoJCQkJCQkJCTxBdXRvaW5jcmVtZW50IHZhbHVlPSIwIi8+CgkJCQkJCQkJPENoYXJzZXQgdmFsdWU9IiIvPgoJCQkJCQkJCTxDb2xsYXRpb24gdmFsdWU9IiIvPgoJCQkJCQkJCTxDb21tZW50IHZhbHVlPSIiLz4KCQkJCQkJCQk8RGVmYXVsdF9WYWx1ZSB2YWx1ZT0iQ1VSUkVOVF9USU1FU1RBTVAiLz4KCQkJCQkJCQk8RmllbGRfUG9zaXRpb24gdmFsdWU9IjYiLz4KCQkJCQkJCQk8SW5kZXhlZCB2YWx1ZT0iMCIvPgoJCQkJCQkJCTxMZW5ndGggdmFsdWU9Ii0xIi8+CgkJCQkJCQkJPE5hbWUgdmFsdWU9ImNyZWF0ZWQiLz4KCQkJCQkJCQk8TnVsbGFibGUgdmFsdWU9IjAiLz4KCQkJCQkJCQk8T25fVXBkYXRlX1NldF9DdXJyZW50IHZhbHVlPSIwIi8+CgkJCQkJCQkJPFByZWNpc2lvbiB2YWx1ZT0iMCIvPgoJCQkJCQkJCTxTY2FsZSB2YWx1ZT0iMCIvPgoJCQkJCQkJCTxUeXBlIHZhbHVlPSJUaW1lc3RhbXAiLz4KCQkJCQkJCQk8VW5pcXVlIHZhbHVlPSIwIi8+CgkJCQkJCQkJPFVuc2lnbmVkIHZhbHVlPSIwIi8+CgkJCQkJCQkJPFplcm9maWxsIHZhbHVlPSIwIi8+CgkJCQkJCQk8L1Byb3BlcnRpZXM+CgkJCQkJCQk8Y29udHJvbCB2YWx1ZT0iIi8+CgkJCQkJCQk8ZGVsZXRlIHZhbHVlPSIwIi8+CgkJCQkJCQk8bmFtZSB2YWx1ZT0iY3JlYXRlZCIvPgoJCQkJCQk8L28yPgoJCQkJCQk8bzM+CgkJCQkJCQk8Q2hhbmdlcyB2YWx1ZT0iIi8+CgkJCQkJCQk8UHJvcGVydGllcz4KCQkJCQkJCQk8QXV0b2luY3JlbWVudCB2YWx1ZT0iMCIvPgoJCQkJCQkJCTxDaGFyc2V0IHZhbHVlPSJ1dGY4Ii8+CgkJCQkJCQkJPENvbGxhdGlvbiB2YWx1ZT0idXRmOF9nZW5lcmFsX2NpIi8+CgkJCQkJCQkJPENvbW1lbnQgdmFsdWU9IiIvPgoJCQkJCQkJCTxEZWZhdWx0X1ZhbHVlIHZhbHVlPSIiLz4KCQkJCQkJCQk8RmllbGRfUG9zaXRpb24gdmFsdWU9IjQiLz4KCQkJCQkJCQk8SW5kZXhlZCB2YWx1ZT0iMCIvPgoJCQkJCQkJCTxMZW5ndGggdmFsdWU9IjQwMCIvPgoJCQkJCQkJCTxOYW1lIHZhbHVlPSJkZXNjcmlwdGlvbiIvPgoJCQkJCQkJCTxOdWxsYWJsZSB2YWx1ZT0iMSIvPgoJCQkJCQkJCTxPbl9VcGRhdGVfU2V0X0N1cnJlbnQgdmFsdWU9IjAiLz4KCQkJCQkJCQk8UHJlY2lzaW9uIHZhbHVlPSIwIi8+CgkJCQkJCQkJPFNjYWxlIHZhbHVlPSIwIi8+CgkJCQkJCQkJPFR5cGUgdmFsdWU9IlZhckNoYXIiLz4KCQkJCQkJCQk8VW5pcXVlIHZhbHVlPSIwIi8+CgkJCQkJCQkJPFVuc2lnbmVkIHZhbHVlPSIwIi8+CgkJCQkJCQkJPFplcm9maWxsIHZhbHVlPSIwIi8+CgkJCQkJCQk8L1Byb3BlcnRpZXM+CgkJCQkJCQk8Y29udHJvbCB2YWx1ZT0iIi8+CgkJCQkJCQk8ZGVsZXRlIHZhbHVlPSIwIi8+CgkJCQkJCQk8bmFtZSB2YWx1ZT0iZGVzY3JpcHRpb24iLz4KCQkJCQkJPC9vMz4KCQkJCQkJPG80PgoJCQkJCQkJPENoYW5nZXMgdmFsdWU9IiIvPgoJCQkJCQkJPFByb3BlcnRpZXM+CgkJCQkJCQkJPEF1dG9pbmNyZW1lbnQgdmFsdWU9IjEiLz4KCQkJCQkJCQk8Q2hhcnNldCB2YWx1ZT0iIi8+CgkJCQkJCQkJPENvbGxhdGlvbiB2YWx1ZT0iIi8+CgkJCQkJCQkJPENvbW1lbnQgdmFsdWU9IiIvPgoJCQkJCQkJCTxEZWZhdWx0X1ZhbHVlIHZhbHVlPSIiLz4KCQkJCQkJCQk8RmllbGRfUG9zaXRpb24gdmFsdWU9IjEiLz4KCQkJCQkJCQk8SW5kZXhlZCB2YWx1ZT0iMSIvPgoJCQkJCQkJCTxMZW5ndGggdmFsdWU9IjE2Ii8+CgkJCQkJCQkJPE5hbWUgdmFsdWU9ImlkIi8+CgkJCQkJCQkJPE51bGxhYmxlIHZhbHVlPSIwIi8+CgkJCQkJCQkJPE9uX1VwZGF0ZV9TZXRfQ3VycmVudCB2YWx1ZT0iMCIvPgoJCQkJCQkJCTxQcmVjaXNpb24gdmFsdWU9IjEwIi8+CgkJCQkJCQkJPFNjYWxlIHZhbHVlPSIwIi8+CgkJCQkJCQkJPFR5cGUgdmFsdWU9IkludCIvPgoJCQkJCQkJCTxVbmlxdWUgdmFsdWU9IjEiLz4KCQkJCQkJCQk8VW5zaWduZWQgdmFsdWU9IjEiLz4KCQkJCQkJCQk8WmVyb2ZpbGwgdmFsdWU9IjAiLz4KCQkJCQkJCTwvUHJvcGVydGllcz4KCQkJCQkJCTxjb250cm9sIHZhbHVlPSIiLz4KCQkJCQkJCTxkZWxldGUgdmFsdWU9IjAiLz4KCQkJCQkJCTxuYW1lIHZhbHVlPSJpZCIvPgoJCQkJCQk8L280PgoJCQkJCQk8bzU+CgkJCQkJCQk8Q2hhbmdlcyB2YWx1ZT0iIi8+CgkJCQkJCQk8UHJvcGVydGllcz4KCQkJCQkJCQk8QXV0b2luY3JlbWVudCB2YWx1ZT0iMCIvPgoJCQkJCQkJCTxDaGFyc2V0IHZhbHVlPSIiLz4KCQkJCQkJCQk8Q29sbGF0aW9uIHZhbHVlPSIiLz4KCQkJCQkJCQk8Q29tbWVudCB2YWx1ZT0iIi8+CgkJCQkJCQkJPERlZmF1bHRfVmFsdWUgdmFsdWU9IjAiLz4KCQkJCQkJCQk8RmllbGRfUG9zaXRpb24gdmFsdWU9IjEwIi8+CgkJCQkJCQkJPEluZGV4ZWQgdmFsdWU9IjAiLz4KCQkJCQkJCQk8TGVuZ3RoIHZhbHVlPSI5Ii8+CgkJCQkJCQkJPE5hbWUgdmFsdWU9Im1pbnVzZXNfY291bnQiLz4KCQkJCQkJCQk8TnVsbGFibGUgdmFsdWU9IjEiLz4KCQkJCQkJCQk8T25fVXBkYXRlX1NldF9DdXJyZW50IHZhbHVlPSIwIi8+CgkJCQkJCQkJPFByZWNpc2lvbiB2YWx1ZT0iMTAiLz4KCQkJCQkJCQk8U2NhbGUgdmFsdWU9IjAiLz4KCQkJCQkJCQk8VHlwZSB2YWx1ZT0iSW50Ii8+CgkJCQkJCQkJPFVuaXF1ZSB2YWx1ZT0iMCIvPgoJCQkJCQkJCTxVbnNpZ25lZCB2YWx1ZT0iMSIvPgoJCQkJCQkJCTxaZXJvZmlsbCB2YWx1ZT0iMCIvPgoJCQkJCQkJPC9Qcm9wZXJ0aWVzPgoJCQkJCQkJPGNvbnRyb2wgdmFsdWU9IiIvPgoJCQkJCQkJPGRlbGV0ZSB2YWx1ZT0iMCIvPgoJCQkJCQkJPG5hbWUgdmFsdWU9Im1pbnVzZXNfY291bnQiLz4KCQkJCQkJPC9vNT4KCQkJCQkJPG82PgoJCQkJCQkJPENoYW5nZXMgdmFsdWU9IiIvPgoJCQkJCQkJPFByb3BlcnRpZXM+CgkJCQkJCQkJPEF1dG9pbmNyZW1lbnQgdmFsdWU9IjAiLz4KCQkJCQkJCQk8Q2hhcnNldCB2YWx1ZT0iIi8+CgkJCQkJCQkJPENvbGxhdGlvbiB2YWx1ZT0iIi8+CgkJCQkJCQkJPENvbW1lbnQgdmFsdWU9IiIvPgoJCQkJCQkJCTxEZWZhdWx0X1ZhbHVlIHZhbHVlPSIwIi8+CgkJCQkJCQkJPEZpZWxkX1Bvc2l0aW9uIHZhbHVlPSI5Ii8+CgkJCQkJCQkJPEluZGV4ZWQgdmFsdWU9IjAiLz4KCQkJCQkJCQk8TGVuZ3RoIHZhbHVlPSI5Ii8+CgkJCQkJCQkJPE5hbWUgdmFsdWU9InBsdXNlc19jb3VudCIvPgoJCQkJCQkJCTxOdWxsYWJsZSB2YWx1ZT0iMSIvPgoJCQkJCQkJCTxPbl9VcGRhdGVfU2V0X0N1cnJlbnQgdmFsdWU9IjAiLz4KCQkJCQkJCQk8UHJlY2lzaW9uIHZhbHVlPSIxMCIvPgoJCQkJCQkJCTxTY2FsZSB2YWx1ZT0iMCIvPgoJCQkJCQkJCTxUeXBlIHZhbHVlPSJJbnQiLz4KCQkJCQkJCQk8VW5pcXVlIHZhbHVlPSIwIi8+CgkJCQkJCQkJPFVuc2lnbmVkIHZhbHVlPSIxIi8+CgkJCQkJCQkJPFplcm9maWxsIHZhbHVlPSIwIi8+CgkJCQkJCQk8L1Byb3BlcnRpZXM+CgkJCQkJCQk8Y29udHJvbCB2YWx1ZT0iIi8+CgkJCQkJCQk8ZGVsZXRlIHZhbHVlPSIwIi8+CgkJCQkJCQk8bmFtZSB2YWx1ZT0icGx1c2VzX2NvdW50Ii8+CgkJCQkJCTwvbzY+CgkJCQkJCTxvNz4KCQkJCQkJCTxDaGFuZ2VzIHZhbHVlPSIiLz4KCQkJCQkJCTxQcm9wZXJ0aWVzPgoJCQkJCQkJCTxBdXRvaW5jcmVtZW50IHZhbHVlPSIwIi8+CgkJCQkJCQkJPENoYXJzZXQgdmFsdWU9InV0ZjgiLz4KCQkJCQkJCQk8Q29sbGF0aW9uIHZhbHVlPSJ1dGY4X2dlbmVyYWxfY2kiLz4KCQkJCQkJCQk8Q29tbWVudCB2YWx1ZT0iIi8+CgkJCQkJCQkJPERlZmF1bHRfVmFsdWUgdmFsdWU9IiIvPgoJCQkJCQkJCTxGaWVsZF9Qb3NpdGlvbiB2YWx1ZT0iNSIvPgoJCQkJCQkJCTxJbmRleGVkIHZhbHVlPSIwIi8+CgkJCQkJCQkJPExlbmd0aCB2YWx1ZT0iLTEiLz4KCQkJCQkJCQk8TmFtZSB2YWx1ZT0idGV4dCIvPgoJCQkJCQkJCTxOdWxsYWJsZSB2YWx1ZT0iMCIvPgoJCQkJCQkJCTxPbl9VcGRhdGVfU2V0X0N1cnJlbnQgdmFsdWU9IjAiLz4KCQkJCQkJCQk8UHJlY2lzaW9uIHZhbHVlPSIwIi8+CgkJCQkJCQkJPFNjYWxlIHZhbHVlPSIwIi8+CgkJCQkJCQkJPFR5cGUgdmFsdWU9IlRleHQiLz4KCQkJCQkJCQk8VW5pcXVlIHZhbHVlPSIwIi8+CgkJCQkJCQkJPFVuc2lnbmVkIHZhbHVlPSIwIi8+CgkJCQkJCQkJPFplcm9maWxsIHZhbHVlPSIwIi8+CgkJCQkJCQk8L1Byb3BlcnRpZXM+CgkJCQkJCQk8Y29udHJvbCB2YWx1ZT0iIi8+CgkJCQkJCQk8ZGVsZXRlIHZhbHVlPSIwIi8+CgkJCQkJCQk8bmFtZSB2YWx1ZT0idGV4dCIvPgoJCQkJCQk8L283PgoJCQkJCQk8bzg+CgkJCQkJCQk8Q2hhbmdlcyB2YWx1ZT0iIi8+CgkJCQkJCQk8UHJvcGVydGllcz4KCQkJCQkJCQk8QXV0b2luY3JlbWVudCB2YWx1ZT0iMCIvPgoJCQkJCQkJCTxDaGFyc2V0IHZhbHVlPSJ1dGY4Ii8+CgkJCQkJCQkJPENvbGxhdGlvbiB2YWx1ZT0idXRmOF9nZW5lcmFsX2NpIi8+CgkJCQkJCQkJPENvbW1lbnQgdmFsdWU9IiIvPgoJCQkJCQkJCTxEZWZhdWx0X1ZhbHVlIHZhbHVlPSIiLz4KCQkJCQkJCQk8RmllbGRfUG9zaXRpb24gdmFsdWU9IjMiLz4KCQkJCQkJCQk8SW5kZXhlZCB2YWx1ZT0iMCIvPgoJCQkJCQkJCTxMZW5ndGggdmFsdWU9IjI1MCIvPgoJCQkJCQkJCTxOYW1lIHZhbHVlPSJ0aXRsZSIvPgoJCQkJCQkJCTxOdWxsYWJsZSB2YWx1ZT0iMCIvPgoJCQkJCQkJCTxPbl9VcGRhdGVfU2V0X0N1cnJlbnQgdmFsdWU9IjAiLz4KCQkJCQkJCQk8UHJlY2lzaW9uIHZhbHVlPSIwIi8+CgkJCQkJCQkJPFNjYWxlIHZhbHVlPSIwIi8+CgkJCQkJCQkJPFR5cGUgdmFsdWU9IlZhckNoYXIiLz4KCQkJCQkJCQk8VW5pcXVlIHZhbHVlPSIwIi8+CgkJCQkJCQkJPFVuc2lnbmVkIHZhbHVlPSIwIi8+CgkJCQkJCQkJPFplcm9maWxsIHZhbHVlPSIwIi8+CgkJCQkJCQk8L1Byb3BlcnRpZXM+CgkJCQkJCQk8Y29udHJvbCB2YWx1ZT0iIi8+CgkJCQkJCQk8ZGVsZXRlIHZhbHVlPSIwIi8+CgkJCQkJCQk8bmFtZSB2YWx1ZT0idGl0bGUiLz4KCQkJCQkJPC9vOD4KCQkJCQkJPG85PgoJCQkJCQkJPENoYW5nZXMgdmFsdWU9IiIvPgoJCQkJCQkJPFByb3BlcnRpZXM+CgkJCQkJCQkJPEF1dG9pbmNyZW1lbnQgdmFsdWU9IjAiLz4KCQkJCQkJCQk8Q2hhcnNldCB2YWx1ZT0iIi8+CgkJCQkJCQkJPENvbGxhdGlvbiB2YWx1ZT0iIi8+CgkJCQkJCQkJPENvbW1lbnQgdmFsdWU9IiIvPgoJCQkJCQkJCTxEZWZhdWx0X1ZhbHVlIHZhbHVlPSIiLz4KCQkJCQkJCQk8RmllbGRfUG9zaXRpb24gdmFsdWU9IjIiLz4KCQkJCQkJCQk8SW5kZXhlZCB2YWx1ZT0iMSIvPgoJCQkJCQkJCTxMZW5ndGggdmFsdWU9IjExIi8+CgkJCQkJCQkJPE5hbWUgdmFsdWU9InVzZXJfaWQiLz4KCQkJCQkJCQk8TnVsbGFibGUgdmFsdWU9IjAiLz4KCQkJCQkJCQk8T25fVXBkYXRlX1NldF9DdXJyZW50IHZhbHVlPSIwIi8+CgkJCQkJCQkJPFByZWNpc2lvbiB2YWx1ZT0iMTAiLz4KCQkJCQkJCQk8U2NhbGUgdmFsdWU9IjAiLz4KCQkJCQkJCQk8VHlwZSB2YWx1ZT0iSW50Ii8+CgkJCQkJCQkJPFVuaXF1ZSB2YWx1ZT0iMCIvPgoJCQkJCQkJCTxVbnNpZ25lZCB2YWx1ZT0iMCIvPgoJCQkJCQkJCTxaZXJvZmlsbCB2YWx1ZT0iMCIvPgoJCQkJCQkJPC9Qcm9wZXJ0aWVzPgoJCQkJCQkJPGNvbnRyb2wgdmFsdWU9IiIvPgoJCQkJCQkJPGRlbGV0ZSB2YWx1ZT0iMCIvPgoJCQkJCQkJPG5hbWUgdmFsdWU9InVzZXJfaWQiLz4KCQkJCQkJPC9vOT4KCQkJCQk8L2ZpZWxkPgoJCQkJCTxpbmRleD4KCQkJCQkJPG8wPgoJCQkJCQkJPENoYW5nZXMgdmFsdWU9IiIvPgoJCQkJCQkJPFByb3BlcnRpZXM+CgkJCQkJCQkJPENvbW1lbnQgdmFsdWU9IiIvPgoJCQkJCQkJCTxGaWVsZHMgdmFsdWU9ImFXUT0iLz4KCQkJCQkJCQk8TmFtZSB2YWx1ZT0iUFJJTUFSWSIvPgoJCQkJCQkJCTxUeXBlIHZhbHVlPSJCVFJFRSIvPgoJCQkJCQkJCTxVbmlxdWUgdmFsdWU9IjEiLz4KCQkJCQkJCTwvUHJvcGVydGllcz4KCQkJCQkJCTxjb250cm9sIHZhbHVlPSIiLz4KCQkJCQkJCTxkZWxldGUgdmFsdWU9IjAiLz4KCQkJCQkJCTxuYW1lIHZhbHVlPSJQUklNQVJZIi8+CgkJCQkJCTwvbzA+CgkJCQkJCTxvMT4KCQkJCQkJCTxDaGFuZ2VzIHZhbHVlPSIiLz4KCQkJCQkJCTxQcm9wZXJ0aWVzPgoJCQkJCQkJCTxDb21tZW50IHZhbHVlPSIiLz4KCQkJCQkJCQk8RmllbGRzIHZhbHVlPSJkWE5sY2w5cFpBPT0iLz4KCQkJCQkJCQk8TmFtZSB2YWx1ZT0idXNlcl9pZCIvPgoJCQkJCQkJCTxUeXBlIHZhbHVlPSJCVFJFRSIvPgoJCQkJCQkJCTxVbmlxdWUgdmFsdWU9IjAiLz4KCQkJCQkJCTwvUHJvcGVydGllcz4KCQkJCQkJCTxjb250cm9sIHZhbHVlPSIiLz4KCQkJCQkJCTxkZWxldGUgdmFsdWU9IjAiLz4KCQkJCQkJCTxuYW1lIHZhbHVlPSJ1c2VyX2lkIi8+CgkJCQkJCTwvbzE+CgkJCQkJPC9pbmRleD4KCQkJCQk8bmFtZSB2YWx1ZT0icG9zdCIvPgoJCQkJCTx1bmlxdWU+CgkJCQkJCTxvMD4KCQkJCQkJCTxDaGFuZ2VzIHZhbHVlPSIiLz4KCQkJCQkJCTxQcm9wZXJ0aWVzPgoJCQkJCQkJCTxGaWVsZHMgdmFsdWU9ImFXUT0iLz4KCQkJCQkJCQk8TmFtZSB2YWx1ZT0iUFJJTUFSWSIvPgoJCQkJCQkJPC9Qcm9wZXJ0aWVzPgoJCQkJCQkJPGNvbnRyb2wgdmFsdWU9IiIvPgoJCQkJCQkJPGRlbGV0ZSB2YWx1ZT0iMCIvPgoJCQkJCQkJPG5hbWUgdmFsdWU9IlBSSU1BUlkiLz4KCQkJCQkJPC9vMD4KCQkJCQk8L3VuaXF1ZT4KCQkJCTwvbzE+CgkJCQk8bzI+CgkJCQkJPENoYW5nZXMgdmFsdWU9IiIvPgoJCQkJCTxQcm9wZXJ0aWVzPgoJCQkJCQk8QXV0b2luY3JlbWVudCB2YWx1ZT0iMCIvPgoJCQkJCQk8QXZlcmFnZV9Sb3dfU2l6ZSB2YWx1ZT0iMCIvPgoJCQkJCQk8Q2hhcnNldCB2YWx1ZT0ibGF0aW4xIi8+CgkJCQkJCTxDb2xsYXRpb24gdmFsdWU9ImxhdGluMV9zd2VkaXNoX2NpIi8+CgkJCQkJCTxDb21tZW50IHZhbHVlPSIiLz4KCQkJCQkJPENyZWF0ZV9UaW1lIHZhbHVlPSIyMDE1LTAyLTExIDE5OjAyOjU5Ii8+CgkJCQkJCTxFbmdpbmUgdmFsdWU9Iklubm9EQiIvPgoJCQkJCQk8RmllbGRfQ291bnQgdmFsdWU9IjIiLz4KCQkJCQkJPEluZGV4X0NvdW50IHZhbHVlPSIwIi8+CgkJCQkJCTxMaW5rX0NvdW50IHZhbHVlPSIwIi8+CgkJCQkJCTxOYW1lIHZhbHVlPSJ0YWdfdG9fcG9zdCIvPgoJCQkJCQk8UHJpbWFyeV9LZXkgdmFsdWU9IiIvPgoJCQkJCQk8UmVjb3JkX0NvdW50IHZhbHVlPSIwIi8+CgkJCQkJCTxTaXplIHZhbHVlPSIxNi4wMCBLYiIvPgoJCQkJCQk8VHJpZ2dlcl9Db3VudCB2YWx1ZT0iMCIvPgoJCQkJCQk8VW5pcXVlX0NvdW50IHZhbHVlPSIwIi8+CgkJCQkJCTxVcGRhdGVfVGltZSB2YWx1ZT0iIi8+CgkJCQkJPC9Qcm9wZXJ0aWVzPgoJCQkJCTxjb250cm9sIHZhbHVlPSJUYWJsZTIiLz4KCQkJCQk8ZGVsZXRlIHZhbHVlPSIwIi8+CgkJCQkJPGZpZWxkPgoJCQkJCQk8bzA+CgkJCQkJCQk8Q2hhbmdlcyB2YWx1ZT0iIi8+CgkJCQkJCQk8UHJvcGVydGllcz4KCQkJCQkJCQk8QXV0b2luY3JlbWVudCB2YWx1ZT0iMCIvPgoJCQkJCQkJCTxDaGFyc2V0IHZhbHVlPSIiLz4KCQkJCQkJCQk8Q29sbGF0aW9uIHZhbHVlPSIiLz4KCQkJCQkJCQk8Q29tbWVudCB2YWx1ZT0iIi8+CgkJCQkJCQkJPERlZmF1bHRfVmFsdWUgdmFsdWU9IiIvPgoJCQkJCQkJCTxGaWVsZF9Qb3NpdGlvbiB2YWx1ZT0iMiIvPgoJCQkJCQkJCTxJbmRleGVkIHZhbHVlPSIxIi8+CgkJCQkJCQkJPExlbmd0aCB2YWx1ZT0iMTYiLz4KCQkJCQkJCQk8TmFtZSB2YWx1ZT0icG9zdF9pZCIvPgoJCQkJCQkJCTxOdWxsYWJsZSB2YWx1ZT0iMCIvPgoJCQkJCQkJCTxPbl9VcGRhdGVfU2V0X0N1cnJlbnQgdmFsdWU9IjAiLz4KCQkJCQkJCQk8UHJlY2lzaW9uIHZhbHVlPSIxMCIvPgoJCQkJCQkJCTxTY2FsZSB2YWx1ZT0iMCIvPgoJCQkJCQkJCTxUeXBlIHZhbHVlPSJJbnQiLz4KCQkJCQkJCQk8VW5pcXVlIHZhbHVlPSIwIi8+CgkJCQkJCQkJPFVuc2lnbmVkIHZhbHVlPSIwIi8+CgkJCQkJCQkJPFplcm9maWxsIHZhbHVlPSIwIi8+CgkJCQkJCQk8L1Byb3BlcnRpZXM+CgkJCQkJCQk8Y29udHJvbCB2YWx1ZT0iIi8+CgkJCQkJCQk8ZGVsZXRlIHZhbHVlPSIwIi8+CgkJCQkJCQk8bmFtZSB2YWx1ZT0icG9zdF9pZCIvPgoJCQkJCQk8L28wPgoJCQkJCQk8bzE+CgkJCQkJCQk8Q2hhbmdlcyB2YWx1ZT0iIi8+CgkJCQkJCQk8UHJvcGVydGllcz4KCQkJCQkJCQk8QXV0b2luY3JlbWVudCB2YWx1ZT0iMCIvPgoJCQkJCQkJCTxDaGFyc2V0IHZhbHVlPSIiLz4KCQkJCQkJCQk8Q29sbGF0aW9uIHZhbHVlPSIiLz4KCQkJCQkJCQk8Q29tbWVudCB2YWx1ZT0iIi8+CgkJCQkJCQkJPERlZmF1bHRfVmFsdWUgdmFsdWU9IiIvPgoJCQkJCQkJCTxGaWVsZF9Qb3NpdGlvbiB2YWx1ZT0iMSIvPgoJCQkJCQkJCTxJbmRleGVkIHZhbHVlPSIxIi8+CgkJCQkJCQkJPExlbmd0aCB2YWx1ZT0iMjU1Ii8+CgkJCQkJCQkJPE5hbWUgdmFsdWU9InRhZ19pZCIvPgoJCQkJCQkJCTxOdWxsYWJsZSB2YWx1ZT0iMCIvPgoJCQkJCQkJCTxPbl9VcGRhdGVfU2V0X0N1cnJlbnQgdmFsdWU9IjAiLz4KCQkJCQkJCQk8UHJlY2lzaW9uIHZhbHVlPSIxMCIvPgoJCQkJCQkJCTxTY2FsZSB2YWx1ZT0iMCIvPgoJCQkJCQkJCTxUeXBlIHZhbHVlPSJJbnQiLz4KCQkJCQkJCQk8VW5pcXVlIHZhbHVlPSIwIi8+CgkJCQkJCQkJPFVuc2lnbmVkIHZhbHVlPSIwIi8+CgkJCQkJCQkJPFplcm9maWxsIHZhbHVlPSIwIi8+CgkJCQkJCQk8L1Byb3BlcnRpZXM+CgkJCQkJCQk8Y29udHJvbCB2YWx1ZT0iIi8+CgkJCQkJCQk8ZGVsZXRlIHZhbHVlPSIwIi8+CgkJCQkJCQk8bmFtZSB2YWx1ZT0idGFnX2lkIi8+CgkJCQkJCTwvbzE+CgkJCQkJPC9maWVsZD4KCQkJCQk8bmFtZSB2YWx1ZT0idGFnX3RvX3Bvc3QiLz4KCQkJCTwvbzI+CgkJCTwvdGFibGU+CgkJPC9waWthYnU+Cgk8L01vZGVsPgo8L3Byb3BlcnRpZXM+Cgo=', NULL, 'iVBORw0KGgoAAAANSUhEUgAAAGYAAABwCAIAAABjMpKzAAAABmJLR0QA/wD/AP+gvaeTAAAWMUlEQVR4nO1dW28cR3Y+del7z52c4VUURcsryxYsr1eS7Whtx/bGXgTBYoHFvi6Qh7wkfyB5C/Ir8hwEyHOQxWKzGyPGxrItr2X5IpmkSFGURHJunGvfuy55KGpMSRalIWWLFPg9DBozPdXVX9c5fc6pc6rQ/Px8uVzmnMP+w+211TgOEUISQIrH2LAcq0xmszkhhmuUEFKv12m5XC4UCo+xO48Li8tfXKn+q6HZQgChwnKBUiyllAAIIcHV4XBACDDGjKW3vhn75Tv/RDWyi47R/Tm+AGCztV4YwTKY5QwTrTs63v3y02ZxxDJMkiQ8XzSdjDYUaRij+kb/6pfrL56Z8Dr1eqMxMTE2bK8453TY//xgQBgLAVIgKZAQCABWr/UvX2i1moEQ4q2/mf7xa+NpMsTzlgIc1zBMzbJ1kAkA2l3H9i9lUkrAaYqucwQ6FWmKX//5RBQIKWHhi/bEjJ0kkRDDySbV4fS5MUQYF2yXhO1nynhsBK2TbsYBLCGC7g1MCNakEFKeeg4LT7R6380XIRgAEAIpQYJEgLZrPYQQxsivNQENrQoV9i9lWbf00ot/36/+NozN2ef/ulFv9fve6OhIJmvv/Mela/1i0dzcDBkTUkrH0YMgNQyazRkgIYoYIbTszguxSyW+fymTIAGjdvN2xAsA8Nmli7Va7e23334oZZc+v2lZtNuNZ2fzQsC1pZBzMTpqN5oUIfC8hFKaybBdd2z/UgYACEFh/E1EbQA4f/58EASPYg+9++4zlOIwTGs1v1g0LaucpmJzM5iczCIEaco1TVte3tx1r/Y1ZYKnYzMvqmPXdV3XfZR/5XIGADiONjLy7XgcHb1rbA5v0n2LfU0ZAvj6dqgR+NG4tba2hjFmjGGMW62WpmnT09OWZW1sbEgpCSGWZXW7Xc/zcrnc1NSUauHy5WouZ7TbEeeSEGQYtN+P83mb8907E/uXMgSQMP67z1uOgX40Pv3RRxekBEopQgghlKaplPLIkSOLi4thGDLGAABjnCTJyZMnB43cvt3b2ED9flIuO4ZBajXP91OECMa7H2b7lzIJYOj0N+dHCEYAcObM2UqlwjlXlDHG+v1+o9E4e/YsAFBKkyQ2DPMeL+pnP5vDGDEmNjb6xaJlmlQI2ekk1Wp11x3bv5QBgBCyXHDU8czMzD2/ZjIZKSVCWzapYRjqgDHJuVDWmWEQAMAYjh0rqC+lBNvW6vVdW7L7mzKQ8sNrnk7gzKxz4cIFy7YzmUySJP1+/9y5cwCg+Lpxo1Oteo6j6TqJY+77iWFQxkQ+bwJAtxtpGgEASvH6et/zkrm5EcZ2r8vwY7q5xw8EwIT89Frr8koHEErSdH5+fm1tbXl5+R7py+fNatXrduPPPtsQQgIgZWRcvly9erUBAITgTidqNHzDIBijOGZ7eWOiRqMxMjKyx9v7PvDFF188MzcnsIYROJbBGFNiiDHmnBNCBiIJAFJKKUFKSSmJY4YQ0jTMmCAE+36SJNxxdCGkrmMpoddLV1evViqVycnJYXvVbDb3r2CGYXjp888zrssFlxIIIffHqRSDCCEphZSgfHmE0J2DwVnfGmIYY0LQ9evXx8aGjvwo7F/KOOeU0mwuF8cxAJimmSSJYo1SKoQIwzBNU8MwTNP0PA9Aep6/fejdA4xxrVZrt9onnjsRx/EOZ+4MKqW89OX/bnZvYYQBAOS9Dv72R/RYgBAAICH4RPnZ50+c3eFMIQRCSNM0jLGU0jAMZWSoESeE4JyrUabrOmNM2R8Pag0rEKz+suv+05u3VpY6/26Z+TQmmPB8OdR0gjFSwxwhlKYcbQuUIAC5twPGBGNC09Glax+OFI5WKuXv7BlCqN1uD1SYUvnbD9RnGIZKtUn5kNA2Y6xQKJRKJcbYsFH/7aBpmtiOTlhFSotAYhhrt2/0b6/0DZNQitNENuvBiVOlZ04W9vJiHgAT1GoE//fHG3/x9qydIb7v73AyIUTTNMaYElLOubyjsQY8Yox1XVcUPHQ2QJ024H13oAghBIiLlHMMOKUa3rjp31oOCiXLsEjgCTdrEkoQBox3P5i/hYRCyTpzfmak4qz2gh0EREpZKBTGx8eVAKozpZRKGCmlUsp6vZ7JZABA0zTOebfbVZ7Td4IQsr6+XqvVTp8+TenulTiVUvZ7oaavpCCwQJsNbfKoc+xE1jCxkAASEAIhZL3ag7vkC0kY7kEhQIC2BoJp4/am1+tEcK9Jv+18hJIkEVxEcYQxkVLquq5pNE1TITjnHCFMqXanUyraigkmD4rpY4Qtyx4ZGaWE7mWgUQS0ov9qYrzMOZcSADCqAEZYSKl4QQgJzjEhIEEpXUKJ4EK9tpRiZpyhh80+pCnnXLquLoREAJSSiF6HB/POeHrjxlKtvj64t4FRNjhnoO+lFBhjISRCIO9MhNxzoOwPquFb6zda7fru35gYk9PPn62ywtpm9FfP27VqLU6STqdjGmaSJLqhx1Hc6XYd285kMtW1W2/+5Zv1ev3KlSuVSqXT6RqGMVapTB+ZeuiVLl9udjsBliZnAhCUiu5zz2Z2eNSlEffTxf/OOtpdZ4j7Jobktp9gh0dw51cOUvKYFC3rIdHdB4ECAOPJ4q3mN7e9N0/M1uu1MIqWlpbm5uY8z8MY1+v1YrFYr1dHRkb8wIvjqF6veV5/c7OZy+U2NtZMU5+Gh1MmRMp4urTUy2T0NBWM8WKR7TD5+vxzL9vWv7Q7rb0YBN8JKWV5dDyXy+3u7+jixYvT01OVsfEwjG3LAADG2MAdUZaRuoyK8K2urlYqFcdxBpcHAIwf7qsqh2b7O+Tq1aumaR47dmx3XX8i2HKYpAQEoPgCgO1vkwEXijhK6dzc3PYmtg8BpdruuUaaCk3DUsowZEJISjGlmDFhGFRK+bgH0A8BCgAYwYfXvBvN+NdnizdvLHue7/t+kiSMsUwm0263i8Viv9+3bTuKIt/3x8fHX3755YWFhSiK+v1+qVTq9XpRFIVh+N57791zgfffv26atNOJLYv2erHjaDMz+StXGpSSuTl5n2Y6AKAAgBDyg2iz3ceoxFLGGIuiKJPJaJoWRdHY2Fiapowx0zR1XaeU9nq9MAzjOGaMMcY2NzeTJCkWi4Zh3D/Q8nlL0zBCiHN59GiecxEE6YkTI9VqgFD6hO56T0AXL16cmpoaHx/fsiQeAUKImzdvjo+PDwKhjwLPS1xXV6aGaVI4sLoMwx3ZSMWWjGz3vzjnaZqqL4MgUF9ijI8ePfogvhqNYGWlHcd3BWoYE4omTSPq4OBCCSb8/qvu9Xr0t2+Ulxev9nr9NE3b7XYul2s2mxhjTdMIIblc7rXXXntoi/1+vLTUWljYDMM0nze73TiXM8MwVdMWhCDOpWVR2zYyGfnYDYgfAFu6LKsLB0c6RbbtSAnZbNYwDEKIaZr4DvL5/KO0ODbmGgZptyPDIJxL09SyWT0MmZQQBGml4ug6WVzc1HXyeJzWHxzf6rIf/toHVJdtCSaX4IUsZ1MhRKvVUgNK2a5SyiRJLMvq9Xq6rluWpcxa9WZkTPT7sZSQyxkIoXY77HZj19XV5L4QstkMKMVpytNUAAClOJMxut3IcUwhDqxgYoD//Ky1VI/+4Z2xhatf/PnPn9m2XSwWASCXyyVJ0ul0pJS+79u2rcIsx44dO3XqFABQij/88JZlac2mn82aQoiTJ0c/+GA1lzOazaBcdnSd3LzZlVKqaddi0SqV7GvXNoOAv/zyblJVnzgoAABCx8uUCmHpeHxs/JVXXsEYm6YZRZGu64VC4ebNm2EYVioVZYhls1nTNAdNvPhihVJcq1mFgmVZtNUKf/rTI/1+MjrqjI25tZr31luzYZgyJlUciTHxxhtHu900Tdef2H3vAYe6bDgMdBlpVz9qNVZnn/91v99Xsy+jo6N7afrWrV4+b/R6cRAwIUQ2a/b7sWGQfN7kXCYJJ4RwLg6qLkOYRL3Wxq0rc6fw/Pz8wsLCyZMn90jZp5+uYYz6/XhqKmdZdHFxMwjY5GSmXvfTVCQJB8DF4mO6iR8WFABACqfwwsiEBgAnTpwYGxt7RBNsB5w/f4RSHEWsWvUKBevo0Xya8nY7mpjIKJsWAG9uenuZtnhSoAAgBMuWZrKlGQDI5XK7jr1tR7m8FVCbmMgMvpyevqvlZnPv13kC2Ar+bPqi0Y1PTFjdblfZX0mS2LZtWVYQBJqmKQWXz+cxxu12W03EEkJ83+/1eiMjIw8amAsLm/m80enEvp9EEXNdfXTUuXWrm8lYB1mXAfz+i+b8evCPv5hZmJ+/dfu2YRhRFFmWBQBhGEop1VT+a6+9Rgi5cuVKt9tVpixCqN/vv/766w+i7JtvGhgjz0tGR50wTNvtMI5ZreZ99VXz7NkDaZehixcvHjkyTe1Cve0/d6QYRZGaK1QJqL7vDwx9AOh2u5RSx3GEELquh2Houi5jTNM0xe/96PcTQlCS8PX1/sREJo55HLNKxUlTWF1dsG1rdvYAGhlCyFLGKGUMANhuowKAbd81DXNPDrmadt0ZmYwOALatqQS5AQxDzVrvtu9PDlu6bHUzrXbic3Nuo9HodDpxHE9MTHS7XV3X4zhW6c+tVksl22QymTiOgyDodDovvfQS2TEweenSRjZrdDpRHPMgSDIZY3w8s7zccl3Tsg6uLkPw0UL7mzX/paPuV1992Wg0TdNcWVlJ0zSO41wul6bp9PT0yspKEAT1et227SAIstlsGIYvvfTSzhfY2PDqdd/zknzeFEL2ejHGSAi5sNA8ffrg8QVbumx6OlMY7fSDiZHMxsaG67qmacZxjDEmhAghGGPVanVkZESJLUJICGEYRpIkhmHsPCOXJFwZYtWqNzbmhiFLEj46akuJ5uevWJZ1IB0mIaVtENvIAMDA2dQ0bfupruveL0QPUvnboetbqb1TU1khZKHwrUY7iFIJA112ZS1aa8U/O5X7/LPPuBAqP7zZbJ47d07XdXgct3flSr3ZDEsly3F0308Iobp+ICnbKl1cWOt9em0z5UApXV5ertfri4uLcPfUyR4xOZmtVJyVlc7t291q1YO9FRI9QagEg+lyecwPo4xjyjtQyZV7zJG8H3fK6QEOdPBHSokxZJwtLTNwlXe2Hu4BY0JNf6hPz0sQAsfRB236fqqyugyDpKkwDO0g+uQw0GUfL/urzfhXZ4uffvxxo9lkjNm2XS6XH2pDDLCx4c3PN3I5U3GXJDybNep1v1i0OBdJIvJ5o9EIPC/J5QzfTwsFxzS5bR88dbblJ7Z74XqjAxLyhYLruqVSSWXfPXpD5bIjJeg6qdX8YtGyLKrrpFSy63W/04nzebPXSzSNHD2aRwhlswYhB9L0h+2BbMbYXjJI78e2YgVgTKQpt6xvDZcoEktL3zjOwfQxt7Ij0XdbpMpLVznRQ2k3hCBNBYDUNBLHPElYknAhpKYRQrBh0INplt1xmP54pXe9Hv3m/MjazZVava58SYTQ7Ozs8ePHP/jgg2az+e677w4brW02gz/9abVQMBuN4IUXyr6faBqxLC0IUs7BMMRB1GUUAAjGFhWajAwNE0qFEI7jcM6VUlMRRBVuHLZ119Xn5oquq2saxRhrGlWzmRijSiXT67W/hzv63oE++eSTUqk0OTHOOQdAgNAgdiil9Dyv3W5PTU0hhFQQbSgzDSFQVaMDXSalTFO1fIXx5ZdfF4vF2dnZ7+3uHj+azSYVQszPz7fb7TiOVXhalVkpqLzxer2ukvGUUtuhHGEHDGqhhFAp+3R1dVVVoh4sUEXT1NSUyvS0LEvllKlgrAphNxqNXC5HKVUpGo1G41Hyie+HWgur2WwuLS29+uqrB9UtV6sBtFottZ5CGIYAMBDAQc2QKpVKkmTnarRHgeM4zx5/dqiX774CBYAwDKvV6oCd+xlRBWkqoX1Qora760kpNU3T83ocxyo/8sCBAoBpmqVSKU3TJElUZdqgUG+Q/U8I0XWdEKLkV9Vh3V/w9ygHSZJIKW3bPqADjarHXi6XVQmoil4QQpRdpur2ms0mABBCXNdV+e2e522X0Ec/IIQ0Go3FxcXz58/vTiE+cShdxtutbhzHCCMECCHkOE4QBlJsFWqnCQeEAEi/5wMASwXB2m5lExUKIy//OKdrJkIHdJSBWLxxodr64j4nWX5bTKgq3OFOtRnAXkocEAJA6FZDNmqds2d/sut2nhToxMTkWIOG/Dp+gI/5PUFIPjoxVigcvOwftLm5WcgXm5utH9hGkhIc17Zt8+Gn7idsWf8Iw+jowXvaTwoH8p31ZHFI2dA4pGxoHFI2NA4pGxqHlA2NQ8qGxiFlQ+OQsqFxSNnQOKRsaBxSNjQOKRsah5QNjUPKhsYhZUPjkLKhcUjZ0DikbGgcUjY0DikbGoeUDY1DyoYDQuhgr772UNy4tfDl/B+29sNB+M7a/9u2mAMEamex+zD4CQFCGATnheyRZ4688pRTdnn+v2h+iQVlADAzvWxRJgm3LLXgM3AuWcoJQVQnnEmEAGO1KjUgBEnEAYBQzFIe+Ilt0Y3aV3Ip/5RTRghQbEs5BhKQYFHg//Y/VgslCxGZxvydX8x+/efN2zc8y6Zv/Hy61Qg//7juZjUAkBx5/Xhsyn3lzYleFF34n5unz045rhm2wqdclyGEEBaM+0z4gLiT0aZnC5yRfluuLvn9XlKZcPMFFyMtiUWrEfk9QYlBiY6RXhnP5guWBOlk9PPvzE3N5tUGCE/5KPP7DOMe454EED5J1snxF7IIoTQWXn/k5lKQzWunzuQB4MaihzH56bsTuoHVwucII8Hl+s2+0mWNjaBZCydM+ZRTVrROH5/5JZeSYizkXQtTc87Uuu4IYc74cz+hAKBq3XSdJAmLIgaAdJ0kCdc0rGm0xqphED/NgimlLBaLoxPHL1QrsXFkZnp2Y72x2ew0G516rbVy/fbRmWfiSCwtrgDQozPPHJ15ZmL8mWuLpLphX/kaS1HxvcL1ZS3wC1FYCvziSOkIIQczW/XRIYWIk2R1ve4FYRB4q6s3ut2u73v9fs+yTN/3GUslSF0flPAJyyK6DpaFGEuTJMlkaJqmvh9pmkRISLmPt67aO6SUFy9+eu7cWZYyqlHOBedMrS4AAEKI1dXVqampe9ZqGMD3U8fRAEAt7+o42vr6+vz8/FOuyxQ4YAqgUqcHXyKEZmZm0jRVG+wAQBimpqlxLjwvSVNBKQqCBCGk64RSzBgwJhDax1tXPRYQDM1e8m8ftd941pnLJ3/68AJCyHVd27bPnDnz/vvvNxqN9957TxVNXrpUbbUCziVCaG6ucPt2TxFXKFgIAULEdZOn38hACLuWbqE4Y2VzheLkxKQfBEEQpCkLw2isMpbJZF13a7Gn6elCqeQKLhtNP/DFs8+WPS+xLJokPIrYWCXL2NOuywDgD3/83fHjx6QQCGMpESYYIxyEgcLk5CRGmHMuQYIEQlTVA4RBqukEI6Q2jxFCJgl3HWNtfb3fi4erfT5wEKT9u0/+2bKM7VUN6A4WG9+9dfn9Ww4hhABEv0Vfff7vaL1eB4D7NwV8CoAQOn3yLWd5Io7jvdcxSikLUyXLdP8fi0VJ5R2ehtkAAAAASUVORK5CYII=', NULL, '2015-02-11 17:08:33', '1');
INSERT INTO `vs_database_diagrams` (`name`, `diadata`, `comment`, `preview`, `lockinfo`, `locktime`, `version`) VALUES
('Pikabu', 'PD94bWwgdmVyc2lvbj0iMS4wIiBlbmNvZGluZz0idXRmLTgiPz4KPHByb3BlcnRpZXM+Cgk8Q29udHJvbHM+CgkJPFBpa2FidT4KCQkJPFByb3BlcnRpZXM+CgkJCQk8XmxvY2sgdmFsdWU9IjAiLz4KCQkJCTxiYWNrX2NvbG9yIHZhbHVlPSJGRkZGRkYiLz4KCQkJCTxnYW1tYSB2YWx1ZT0iMCIvPgoJCQkJPG5hbWUgdmFsdWU9IlBpa2FidSIvPgoJCQkJPHNpemUgdmFsdWU9IjIwNDg7MjA0OCIvPgoJCQkJPHN0eWxlIHZhbHVlPSI0Ii8+CgkJCQk8c3R5bGVfbGlua3MgdmFsdWU9IjAiLz4KCQkJCTx1bml0cyB2YWx1ZT0iNSIvPgoJCQk8L1Byb3BlcnRpZXM+CgkJCTxUeXBlIHZhbHVlPSJEaWFncmFtIi8+CgkJPC9QaWthYnU+CgkJPFRhYmxlPgoJCQk8UGFyZW50IHZhbHVlPSIjVE9QIi8+CgkJCTxQcm9wZXJ0aWVzPgoJCQkJPF5jaGVja3MgdmFsdWU9IjAiLz4KCQkJCTxeZ3JvdXAgdmFsdWU9Ii0xIi8+CgkJCQk8XmhlaWdodCB2YWx1ZT0iLTEiLz4KCQkJCTxeaW5kZXhlcyB2YWx1ZT0iMCIvPgoJCQkJPF5sZXZlbCB2YWx1ZT0iMyIvPgoJCQkJPF5saW5rcyB2YWx1ZT0iMCIvPgoJCQkJPF5sb2NrIHZhbHVlPSIwIi8+CgkJCQk8Xm1ldGhvZHMgdmFsdWU9IjAiLz4KCQkJCTxebWluaW1pemVkIHZhbHVlPSIwIi8+CgkJCQk8XnByb3BlcnRpZXMgdmFsdWU9IjAiLz4KCQkJCTxedHJpZ2dlcnMgdmFsdWU9IjAiLz4KCQkJCTxedW5pcXVlcyB2YWx1ZT0iMCIvPgoJCQkJPGJhY2tfY29sb3IgdmFsdWU9IkI0RDY0NzAwIi8+CgkJCQk8bmFtZSB2YWx1ZT0iVGFibGUiLz4KCQkJCTxwb3NpdGlvbiB2YWx1ZT0iMzA2OzI4OCIvPgoJCQkJPHNpemUgdmFsdWU9IjE1MDsxMjIiLz4KCQkJPC9Qcm9wZXJ0aWVzPgoJCQk8VHlwZSB2YWx1ZT0iVGFibGUiLz4KCQk8L1RhYmxlPgoJCTxUYWJsZTE+CgkJCTxQYXJlbnQgdmFsdWU9IiNUT1AiLz4KCQkJPFByb3BlcnRpZXM+CgkJCQk8XmNoZWNrcyB2YWx1ZT0iMCIvPgoJCQkJPF5ncm91cCB2YWx1ZT0iLTEiLz4KCQkJCTxeaGVpZ2h0IHZhbHVlPSItMSIvPgoJCQkJPF5pbmRleGVzIHZhbHVlPSIwIi8+CgkJCQk8XmxldmVsIHZhbHVlPSIyIi8+CgkJCQk8XmxpbmtzIHZhbHVlPSIwIi8+CgkJCQk8XmxvY2sgdmFsdWU9IjAiLz4KCQkJCTxebWV0aG9kcyB2YWx1ZT0iMCIvPgoJCQkJPF5taW5pbWl6ZWQgdmFsdWU9IjAiLz4KCQkJCTxecHJvcGVydGllcyB2YWx1ZT0iMCIvPgoJCQkJPF50cmlnZ2VycyB2YWx1ZT0iMCIvPgoJCQkJPF51bmlxdWVzIHZhbHVlPSIwIi8+CgkJCQk8YmFja19jb2xvciB2YWx1ZT0iQjRENjQ3MDAiLz4KCQkJCTxuYW1lIHZhbHVlPSJUYWJsZTEiLz4KCQkJCTxwb3NpdGlvbiB2YWx1ZT0iNTcxOzM0MiIvPgoJCQkJPHNpemUgdmFsdWU9IjEyOTs2OCIvPgoJCQk8L1Byb3BlcnRpZXM+CgkJCTxUeXBlIHZhbHVlPSJUYWJsZSIvPgoJCTwvVGFibGUxPgoJCTxUYWJsZTI+CgkJCTxQYXJlbnQgdmFsdWU9IiNUT1AiLz4KCQkJPFByb3BlcnRpZXM+CgkJCQk8XmNoZWNrcyB2YWx1ZT0iMCIvPgoJCQkJPF5ncm91cCB2YWx1ZT0iLTEiLz4KCQkJCTxeaGVpZ2h0IHZhbHVlPSItMSIvPgoJCQkJPF5pbmRleGVzIHZhbHVlPSIwIi8+CgkJCQk8XmxldmVsIHZhbHVlPSIxIi8+CgkJCQk8XmxpbmtzIHZhbHVlPSIwIi8+CgkJCQk8XmxvY2sgdmFsdWU9IjAiLz4KCQkJCTxebWV0aG9kcyB2YWx1ZT0iMCIvPgoJCQkJPF5taW5pbWl6ZWQgdmFsdWU9IjAiLz4KCQkJCTxecHJvcGVydGllcyB2YWx1ZT0iMCIvPgoJCQkJPF50cmlnZ2VycyB2YWx1ZT0iMCIvPgoJCQkJPF51bmlxdWVzIHZhbHVlPSIwIi8+CgkJCQk8YmFja19jb2xvciB2YWx1ZT0iQjRENjQ3MDAiLz4KCQkJCTxuYW1lIHZhbHVlPSJUYWJsZTIiLz4KCQkJCTxwb3NpdGlvbiB2YWx1ZT0iODYwOzE2MiIvPgoJCQkJPHNpemUgdmFsdWU9IjE5NjsyNDgiLz4KCQkJPC9Qcm9wZXJ0aWVzPgoJCQk8VHlwZSB2YWx1ZT0iVGFibGUiLz4KCQk8L1RhYmxlMj4KCTwvQ29udHJvbHM+Cgk8R1VJPgoJCTxGdWxsVG9vbGJhckxlZnQgdmFsdWU9IjEiLz4KCQk8RnVsbFRvb2xiYXJSaWdodCB2YWx1ZT0iMSIvPgoJCTxQYWdlRWRpdG9yIHZhbHVlPSItMSIvPgoJCTxQYWdlRWRpdG9ySCB2YWx1ZT0iMCIvPgoJCTxQYWdlVG9vbGJhckxlZnQgdmFsdWU9IjAiLz4KCQk8UGFnZVRvb2xiYXJSQiB2YWx1ZT0iMCIvPgoJCTxQYWdlVG9vbGJhclJpZ2h0IHZhbHVlPSIwIi8+CgkJPFBhbmVDbGlwYm9hcmQgdmFsdWU9IjAiLz4KCQk8UGFuZUxheW91dCB2YWx1ZT0iMCIvPgoJCTxQYW5lVmlldyB2YWx1ZT0iMCIvPgoJCTxTY3JvbGxYIHZhbHVlPSIwIi8+CgkJPFNjcm9sbFkgdmFsdWU9IjAiLz4KCQk8U2VsZWN0aW9uIHZhbHVlPSJWR0ZpYkdVeSIvPgoJCTxTaG93QWxsIHZhbHVlPSIxIi8+CgkJPFNob3dDaGFuZ2VzIHZhbHVlPSIxIi8+CgkJPFNob3dHTCB2YWx1ZT0iMSIvPgoJCTxTaG93R3JpZCB2YWx1ZT0iMSIvPgoJCTxVc2VHcmlkIHZhbHVlPSIwIi8+Cgk8L0dVST4KCTxNb2RlbD4KCQk8cGlrYWJ1PgoJCQk8dGFibGU+CgkJCQk8bzA+CgkJCQkJPENoYW5nZXMgdmFsdWU9IiIvPgoJCQkJCTxQcm9wZXJ0aWVzPgoJCQkJCQk8QXV0b2luY3JlbWVudCB2YWx1ZT0iMSIvPgoJCQkJCQk8QXZlcmFnZV9Sb3dfU2l6ZSB2YWx1ZT0iMCIvPgoJCQkJCQk8Q2hhcnNldCB2YWx1ZT0ibGF0aW4xIi8+CgkJCQkJCTxDb2xsYXRpb24gdmFsdWU9ImxhdGluMV9zd2VkaXNoX2NpIi8+CgkJCQkJCTxDb21tZW50IHZhbHVlPSIiLz4KCQkJCQkJPENyZWF0ZV9UaW1lIHZhbHVlPSIyMDE1LTAyLTExIDE4OjQxOjU1Ii8+CgkJCQkJCTxFbmdpbmUgdmFsdWU9Iklubm9EQiIvPgoJCQkJCQk8RmllbGRfQ291bnQgdmFsdWU9IjMiLz4KCQkJCQkJPEluZGV4X0NvdW50IHZhbHVlPSIxIi8+CgkJCQkJCTxMaW5rX0NvdW50IHZhbHVlPSIwIi8+CgkJCQkJCTxOYW1lIHZhbHVlPSJ0YWciLz4KCQkJCQkJPFByaW1hcnlfS2V5IHZhbHVlPSJhV1E9Ii8+CgkJCQkJCTxSZWNvcmRfQ291bnQgdmFsdWU9IjAiLz4KCQkJCQkJPFNpemUgdmFsdWU9IjE2LjAwIEtiIi8+CgkJCQkJCTxUcmlnZ2VyX0NvdW50IHZhbHVlPSIwIi8+CgkJCQkJCTxVbmlxdWVfQ291bnQgdmFsdWU9IjEiLz4KCQkJCQkJPFVwZGF0ZV9UaW1lIHZhbHVlPSIiLz4KCQkJCQk8L1Byb3BlcnRpZXM+CgkJCQkJPGNvbnRyb2wgdmFsdWU9IlRhYmxlIi8+CgkJCQkJPGRlbGV0ZSB2YWx1ZT0iMCIvPgoJCQkJCTxmaWVsZD4KCQkJCQkJPG8wPgoJCQkJCQkJPENoYW5nZXMgdmFsdWU9IiIvPgoJCQkJCQkJPFByb3BlcnRpZXM+CgkJCQkJCQkJPEF1dG9pbmNyZW1lbnQgdmFsdWU9IjEiLz4KCQkJCQkJCQk8Q2hhcnNldCB2YWx1ZT0iIi8+CgkJCQkJCQkJPENvbGxhdGlvbiB2YWx1ZT0iIi8+CgkJCQkJCQkJPENvbW1lbnQgdmFsdWU9IiIvPgoJCQkJCQkJCTxEZWZhdWx0X1ZhbHVlIHZhbHVlPSIiLz4KCQkJCQkJCQk8RmllbGRfUG9zaXRpb24gdmFsdWU9IjEiLz4KCQkJCQkJCQk8SW5kZXhlZCB2YWx1ZT0iMSIvPgoJCQkJCQkJCTxMZW5ndGggdmFsdWU9IjE2Ii8+CgkJCQkJCQkJPE5hbWUgdmFsdWU9ImlkIi8+CgkJCQkJCQkJPE51bGxhYmxlIHZhbHVlPSIwIi8+CgkJCQkJCQkJPE9uX1VwZGF0ZV9TZXRfQ3VycmVudCB2YWx1ZT0iMCIvPgoJCQkJCQkJCTxQcmVjaXNpb24gdmFsdWU9IjEwIi8+CgkJCQkJCQkJPFNjYWxlIHZhbHVlPSIwIi8+CgkJCQkJCQkJPFR5cGUgdmFsdWU9IkludCIvPgoJCQkJCQkJCTxVbmlxdWUgdmFsdWU9IjEiLz4KCQkJCQkJCQk8VW5zaWduZWQgdmFsdWU9IjAiLz4KCQkJCQkJCQk8WmVyb2ZpbGwgdmFsdWU9IjAiLz4KCQkJCQkJCTwvUHJvcGVydGllcz4KCQkJCQkJCTxjb250cm9sIHZhbHVlPSIiLz4KCQkJCQkJCTxkZWxldGUgdmFsdWU9IjAiLz4KCQkJCQkJCTxuYW1lIHZhbHVlPSJpZCIvPgoJCQkJCQk8L28wPgoJCQkJCQk8bzE+CgkJCQkJCQk8Q2hhbmdlcyB2YWx1ZT0iIi8+CgkJCQkJCQk8UHJvcGVydGllcz4KCQkJCQkJCQk8QXV0b2luY3JlbWVudCB2YWx1ZT0iMCIvPgoJCQkJCQkJCTxDaGFyc2V0IHZhbHVlPSIiLz4KCQkJCQkJCQk8Q29sbGF0aW9uIHZhbHVlPSIiLz4KCQkJCQkJCQk8Q29tbWVudCB2YWx1ZT0iIi8+CgkJCQkJCQkJPERlZmF1bHRfVmFsdWUgdmFsdWU9IiIvPgoJCQkJCQkJCTxGaWVsZF9Qb3NpdGlvbiB2YWx1ZT0iMyIvPgoJCQkJCQkJCTxJbmRleGVkIHZhbHVlPSIwIi8+CgkJCQkJCQkJPExlbmd0aCB2YWx1ZT0iMTYiLz4KCQkJCQkJCQk8TmFtZSB2YWx1ZT0icG9zdHNfY291bnQiLz4KCQkJCQkJCQk8TnVsbGFibGUgdmFsdWU9IjAiLz4KCQkJCQkJCQk8T25fVXBkYXRlX1NldF9DdXJyZW50IHZhbHVlPSIwIi8+CgkJCQkJCQkJPFByZWNpc2lvbiB2YWx1ZT0iMTAiLz4KCQkJCQkJCQk8U2NhbGUgdmFsdWU9IjAiLz4KCQkJCQkJCQk8VHlwZSB2YWx1ZT0iSW50Ii8+CgkJCQkJCQkJPFVuaXF1ZSB2YWx1ZT0iMCIvPgoJCQkJCQkJCTxVbnNpZ25lZCB2YWx1ZT0iMCIvPgoJCQkJCQkJCTxaZXJvZmlsbCB2YWx1ZT0iMCIvPgoJCQkJCQkJPC9Qcm9wZXJ0aWVzPgoJCQkJCQkJPGNvbnRyb2wgdmFsdWU9IiIvPgoJCQkJCQkJPGRlbGV0ZSB2YWx1ZT0iMCIvPgoJCQkJCQkJPG5hbWUgdmFsdWU9InBvc3RzX2NvdW50Ii8+CgkJCQkJCTwvbzE+CgkJCQkJCTxvMj4KCQkJCQkJCTxDaGFuZ2VzIHZhbHVlPSIiLz4KCQkJCQkJCTxQcm9wZXJ0aWVzPgoJCQkJCQkJCTxBdXRvaW5jcmVtZW50IHZhbHVlPSIwIi8+CgkJCQkJCQkJPENoYXJzZXQgdmFsdWU9InV0ZjgiLz4KCQkJCQkJCQk8Q29sbGF0aW9uIHZhbHVlPSJ1dGY4X2dlbmVyYWxfY2kiLz4KCQkJCQkJCQk8Q29tbWVudCB2YWx1ZT0iIi8+CgkJCQkJCQkJPERlZmF1bHRfVmFsdWUgdmFsdWU9IiIvPgoJCQkJCQkJCTxGaWVsZF9Qb3NpdGlvbiB2YWx1ZT0iMiIvPgoJCQkJCQkJCTxJbmRleGVkIHZhbHVlPSIwIi8+CgkJCQkJCQkJPExlbmd0aCB2YWx1ZT0iMTI4Ii8+CgkJCQkJCQkJPE5hbWUgdmFsdWU9InRleHQiLz4KCQkJCQkJCQk8TnVsbGFibGUgdmFsdWU9IjAiLz4KCQkJCQkJCQk8T25fVXBkYXRlX1NldF9DdXJyZW50IHZhbHVlPSIwIi8+CgkJCQkJCQkJPFByZWNpc2lvbiB2YWx1ZT0iMCIvPgoJCQkJCQkJCTxTY2FsZSB2YWx1ZT0iMCIvPgoJCQkJCQkJCTxUeXBlIHZhbHVlPSJWYXJDaGFyIi8+CgkJCQkJCQkJPFVuaXF1ZSB2YWx1ZT0iMCIvPgoJCQkJCQkJCTxVbnNpZ25lZCB2YWx1ZT0iMCIvPgoJCQkJCQkJCTxaZXJvZmlsbCB2YWx1ZT0iMCIvPgoJCQkJCQkJPC9Qcm9wZXJ0aWVzPgoJCQkJCQkJPGNvbnRyb2wgdmFsdWU9IiIvPgoJCQkJCQkJPGRlbGV0ZSB2YWx1ZT0iMCIvPgoJCQkJCQkJPG5hbWUgdmFsdWU9InRleHQiLz4KCQkJCQkJPC9vMj4KCQkJCQk8L2ZpZWxkPgoJCQkJCTxpbmRleD4KCQkJCQkJPG8wPgoJCQkJCQkJPENoYW5nZXMgdmFsdWU9IiIvPgoJCQkJCQkJPFByb3BlcnRpZXM+CgkJCQkJCQkJPENvbW1lbnQgdmFsdWU9IiIvPgoJCQkJCQkJCTxGaWVsZHMgdmFsdWU9ImFXUT0iLz4KCQkJCQkJCQk8TmFtZSB2YWx1ZT0iUFJJTUFSWSIvPgoJCQkJCQkJCTxUeXBlIHZhbHVlPSJCVFJFRSIvPgoJCQkJCQkJCTxVbmlxdWUgdmFsdWU9IjEiLz4KCQkJCQkJCTwvUHJvcGVydGllcz4KCQkJCQkJCTxjb250cm9sIHZhbHVlPSIiLz4KCQkJCQkJCTxkZWxldGUgdmFsdWU9IjAiLz4KCQkJCQkJCTxuYW1lIHZhbHVlPSJQUklNQVJZIi8+CgkJCQkJCTwvbzA+CgkJCQkJPC9pbmRleD4KCQkJCQk8bmFtZSB2YWx1ZT0idGFnIi8+CgkJCQkJPHVuaXF1ZT4KCQkJCQkJPG8wPgoJCQkJCQkJPENoYW5nZXMgdmFsdWU9IiIvPgoJCQkJCQkJPFByb3BlcnRpZXM+CgkJCQkJCQkJPEZpZWxkcyB2YWx1ZT0iYVdRPSIvPgoJCQkJCQkJCTxOYW1lIHZhbHVlPSJQUklNQVJZIi8+CgkJCQkJCQk8L1Byb3BlcnRpZXM+CgkJCQkJCQk8Y29udHJvbCB2YWx1ZT0iIi8+CgkJCQkJCQk8ZGVsZXRlIHZhbHVlPSIwIi8+CgkJCQkJCQk8bmFtZSB2YWx1ZT0iUFJJTUFSWSIvPgoJCQkJCQk8L28wPgoJCQkJCTwvdW5pcXVlPgoJCQkJPC9vMD4KCQkJCTxvMT4KCQkJCQk8Q2hhbmdlcyB2YWx1ZT0iIi8+CgkJCQkJPFByb3BlcnRpZXM+CgkJCQkJCTxBdXRvaW5jcmVtZW50IHZhbHVlPSIwIi8+CgkJCQkJCTxBdmVyYWdlX1Jvd19TaXplIHZhbHVlPSIwIi8+CgkJCQkJCTxDaGFyc2V0IHZhbHVlPSJsYXRpbjEiLz4KCQkJCQkJPENvbGxhdGlvbiB2YWx1ZT0ibGF0aW4xX3N3ZWRpc2hfY2kiLz4KCQkJCQkJPENvbW1lbnQgdmFsdWU9IiIvPgoJCQkJCQk8Q3JlYXRlX1RpbWUgdmFsdWU9IjIwMTUtMDItMTEgMTk6MDc6MjAiLz4KCQkJCQkJPEVuZ2luZSB2YWx1ZT0iSW5ub0RCIi8+CgkJCQkJCTxGaWVsZF9Db3VudCB2YWx1ZT0iMiIvPgoJCQkJCQk8SW5kZXhfQ291bnQgdmFsdWU9IjAiLz4KCQkJCQkJPExpbmtfQ291bnQgdmFsdWU9IjAiLz4KCQkJCQkJPE5hbWUgdmFsdWU9InRhZ190b19wb3N0Ii8+CgkJCQkJCTxQcmltYXJ5X0tleSB2YWx1ZT0iIi8+CgkJCQkJCTxSZWNvcmRfQ291bnQgdmFsdWU9IjAiLz4KCQkJCQkJPFNpemUgdmFsdWU9IjQ4LjAwIEtiIi8+CgkJCQkJCTxUcmlnZ2VyX0NvdW50IHZhbHVlPSIwIi8+CgkJCQkJCTxVbmlxdWVfQ291bnQgdmFsdWU9IjAiLz4KCQkJCQkJPFVwZGF0ZV9UaW1lIHZhbHVlPSIiLz4KCQkJCQk8L1Byb3BlcnRpZXM+CgkJCQkJPGNvbnRyb2wgdmFsdWU9IlRhYmxlMSIvPgoJCQkJCTxkZWxldGUgdmFsdWU9IjAiLz4KCQkJCQk8ZmllbGQ+CgkJCQkJCTxvMD4KCQkJCQkJCTxDaGFuZ2VzIHZhbHVlPSIiLz4KCQkJCQkJCTxQcm9wZXJ0aWVzPgoJCQkJCQkJCTxBdXRvaW5jcmVtZW50IHZhbHVlPSIwIi8+CgkJCQkJCQkJPENoYXJzZXQgdmFsdWU9IiIvPgoJCQkJCQkJCTxDb2xsYXRpb24gdmFsdWU9IiIvPgoJCQkJCQkJCTxDb21tZW50IHZhbHVlPSIiLz4KCQkJCQkJCQk8RGVmYXVsdF9WYWx1ZSB2YWx1ZT0iIi8+CgkJCQkJCQkJPEZpZWxkX1Bvc2l0aW9uIHZhbHVlPSIyIi8+CgkJCQkJCQkJPEluZGV4ZWQgdmFsdWU9IjEiLz4KCQkJCQkJCQk8TGVuZ3RoIHZhbHVlPSIxNiIvPgoJCQkJCQkJCTxOYW1lIHZhbHVlPSJwb3N0X2lkIi8+CgkJCQkJCQkJPE51bGxhYmxlIHZhbHVlPSIwIi8+CgkJCQkJCQkJPE9uX1VwZGF0ZV9TZXRfQ3VycmVudCB2YWx1ZT0iMCIvPgoJCQkJCQkJCTxQcmVjaXNpb24gdmFsdWU9IjEwIi8+CgkJCQkJCQkJPFNjYWxlIHZhbHVlPSIwIi8+CgkJCQkJCQkJPFR5cGUgdmFsdWU9IkludCIvPgoJCQkJCQkJCTxVbmlxdWUgdmFsdWU9IjAiLz4KCQkJCQkJCQk8VW5zaWduZWQgdmFsdWU9IjAiLz4KCQkJCQkJCQk8WmVyb2ZpbGwgdmFsdWU9IjAiLz4KCQkJCQkJCTwvUHJvcGVydGllcz4KCQkJCQkJCTxjb250cm9sIHZhbHVlPSIiLz4KCQkJCQkJCTxkZWxldGUgdmFsdWU9IjAiLz4KCQkJCQkJCTxuYW1lIHZhbHVlPSJwb3N0X2lkIi8+CgkJCQkJCTwvbzA+CgkJCQkJCTxvMT4KCQkJCQkJCTxDaGFuZ2VzIHZhbHVlPSIiLz4KCQkJCQkJCTxQcm9wZXJ0aWVzPgoJCQkJCQkJCTxBdXRvaW5jcmVtZW50IHZhbHVlPSIwIi8+CgkJCQkJCQkJPENoYXJzZXQgdmFsdWU9IiIvPgoJCQkJCQkJCTxDb2xsYXRpb24gdmFsdWU9IiIvPgoJCQkJCQkJCTxDb21tZW50IHZhbHVlPSIiLz4KCQkJCQkJCQk8RGVmYXVsdF9WYWx1ZSB2YWx1ZT0iIi8+CgkJCQkJCQkJPEZpZWxkX1Bvc2l0aW9uIHZhbHVlPSIxIi8+CgkJCQkJCQkJPEluZGV4ZWQgdmFsdWU9IjEiLz4KCQkJCQkJCQk8TGVuZ3RoIHZhbHVlPSIyNTUiLz4KCQkJCQkJCQk8TmFtZSB2YWx1ZT0idGFnX2lkIi8+CgkJCQkJCQkJPE51bGxhYmxlIHZhbHVlPSIwIi8+CgkJCQkJCQkJPE9uX1VwZGF0ZV9TZXRfQ3VycmVudCB2YWx1ZT0iMCIvPgoJCQkJCQkJCTxQcmVjaXNpb24gdmFsdWU9IjEwIi8+CgkJCQkJCQkJPFNjYWxlIHZhbHVlPSIwIi8+CgkJCQkJCQkJPFR5cGUgdmFsdWU9IkludCIvPgoJCQkJCQkJCTxVbmlxdWUgdmFsdWU9IjAiLz4KCQkJCQkJCQk8VW5zaWduZWQgdmFsdWU9IjAiLz4KCQkJCQkJCQk8WmVyb2ZpbGwgdmFsdWU9IjAiLz4KCQkJCQkJCTwvUHJvcGVydGllcz4KCQkJCQkJCTxjb250cm9sIHZhbHVlPSIiLz4KCQkJCQkJCTxkZWxldGUgdmFsdWU9IjAiLz4KCQkJCQkJCTxuYW1lIHZhbHVlPSJ0YWdfaWQiLz4KCQkJCQkJPC9vMT4KCQkJCQk8L2ZpZWxkPgoJCQkJCTxuYW1lIHZhbHVlPSJ0YWdfdG9fcG9zdCIvPgoJCQkJPC9vMT4KCQkJCTxvMj4KCQkJCQk8Q2hhbmdlcyB2YWx1ZT0iIi8+CgkJCQkJPFByb3BlcnRpZXM+CgkJCQkJCTxBdXRvaW5jcmVtZW50IHZhbHVlPSI4Ii8+CgkJCQkJCTxBdmVyYWdlX1Jvd19TaXplIHZhbHVlPSIyNzMwIi8+CgkJCQkJCTxDaGFyc2V0IHZhbHVlPSJsYXRpbjEiLz4KCQkJCQkJPENvbGxhdGlvbiB2YWx1ZT0ibGF0aW4xX3N3ZWRpc2hfY2kiLz4KCQkJCQkJPENvbW1lbnQgdmFsdWU9IiIvPgoJCQkJCQk8Q3JlYXRlX1RpbWUgdmFsdWU9IjIwMTUtMDItMTEgMTk6MDY6NTYiLz4KCQkJCQkJPEVuZ2luZSB2YWx1ZT0iSW5ub0RCIi8+CgkJCQkJCTxGaWVsZF9Db3VudCB2YWx1ZT0iMTAiLz4KCQkJCQkJPEluZGV4X0NvdW50IHZhbHVlPSIyIi8+CgkJCQkJCTxMaW5rX0NvdW50IHZhbHVlPSIxIi8+CgkJCQkJCTxOYW1lIHZhbHVlPSJwb3N0Ii8+CgkJCQkJCTxQcmltYXJ5X0tleSB2YWx1ZT0iYVdRPSIvPgoJCQkJCQk8UmVjb3JkX0NvdW50IHZhbHVlPSI2Ii8+CgkJCQkJCTxTaXplIHZhbHVlPSIzMi4wMCBLYiIvPgoJCQkJCQk8VHJpZ2dlcl9Db3VudCB2YWx1ZT0iMCIvPgoJCQkJCQk8VW5pcXVlX0NvdW50IHZhbHVlPSIxIi8+CgkJCQkJCTxVcGRhdGVfVGltZSB2YWx1ZT0iIi8+CgkJCQkJPC9Qcm9wZXJ0aWVzPgoJCQkJCTxjb250cm9sIHZhbHVlPSJUYWJsZTIiLz4KCQkJCQk8ZGVsZXRlIHZhbHVlPSIwIi8+CgkJCQkJPGZpZWxkPgoJCQkJCQk8bzA+CgkJCQkJCQk8Q2hhbmdlcyB2YWx1ZT0iIi8+CgkJCQkJCQk8UHJvcGVydGllcz4KCQkJCQkJCQk8QXV0b2luY3JlbWVudCB2YWx1ZT0iMCIvPgoJCQkJCQkJCTxDaGFyc2V0IHZhbHVlPSIiLz4KCQkJCQkJCQk8Q29sbGF0aW9uIHZhbHVlPSIiLz4KCQkJCQkJCQk8Q29tbWVudCB2YWx1ZT0iIi8+CgkJCQkJCQkJPERlZmF1bHRfVmFsdWUgdmFsdWU9IiIvPgoJCQkJCQkJCTxGaWVsZF9Qb3NpdGlvbiB2YWx1ZT0iNyIvPgoJCQkJCQkJCTxJbmRleGVkIHZhbHVlPSIwIi8+CgkJCQkJCQkJPExlbmd0aCB2YWx1ZT0iLTEiLz4KCQkJCQkJCQk8TmFtZSB2YWx1ZT0iY2FyZWF0ZWRfZGF0ZSIvPgoJCQkJCQkJCTxOdWxsYWJsZSB2YWx1ZT0iMCIvPgoJCQkJCQkJCTxPbl9VcGRhdGVfU2V0X0N1cnJlbnQgdmFsdWU9IjAiLz4KCQkJCQkJCQk8UHJlY2lzaW9uIHZhbHVlPSIwIi8+CgkJCQkJCQkJPFNjYWxlIHZhbHVlPSIwIi8+CgkJCQkJCQkJPFR5cGUgdmFsdWU9IkRhdGUiLz4KCQkJCQkJCQk8VW5pcXVlIHZhbHVlPSIwIi8+CgkJCQkJCQkJPFVuc2lnbmVkIHZhbHVlPSIwIi8+CgkJCQkJCQkJPFplcm9maWxsIHZhbHVlPSIwIi8+CgkJCQkJCQk8L1Byb3BlcnRpZXM+CgkJCQkJCQk8Y29udHJvbCB2YWx1ZT0iIi8+CgkJCQkJCQk8ZGVsZXRlIHZhbHVlPSIwIi8+CgkJCQkJCQk8bmFtZSB2YWx1ZT0iY2FyZWF0ZWRfZGF0ZSIvPgoJCQkJCQk8L28wPgoJCQkJCQk8bzE+CgkJCQkJCQk8Q2hhbmdlcyB2YWx1ZT0iIi8+CgkJCQkJCQk8UHJvcGVydGllcz4KCQkJCQkJCQk8QXV0b2luY3JlbWVudCB2YWx1ZT0iMCIvPgoJCQkJCQkJCTxDaGFyc2V0IHZhbHVlPSIiLz4KCQkJCQkJCQk8Q29sbGF0aW9uIHZhbHVlPSIiLz4KCQkJCQkJCQk8Q29tbWVudCB2YWx1ZT0iIi8+CgkJCQkJCQkJPERlZmF1bHRfVmFsdWUgdmFsdWU9IjAiLz4KCQkJCQkJCQk8RmllbGRfUG9zaXRpb24gdmFsdWU9IjgiLz4KCQkJCQkJCQk8SW5kZXhlZCB2YWx1ZT0iMCIvPgoJCQkJCQkJCTxMZW5ndGggdmFsdWU9IjkiLz4KCQkJCQkJCQk8TmFtZSB2YWx1ZT0iY29tbWVudHNfY291bnQiLz4KCQkJCQkJCQk8TnVsbGFibGUgdmFsdWU9IjEiLz4KCQkJCQkJCQk8T25fVXBkYXRlX1NldF9DdXJyZW50IHZhbHVlPSIwIi8+CgkJCQkJCQkJPFByZWNpc2lvbiB2YWx1ZT0iMTAiLz4KCQkJCQkJCQk8U2NhbGUgdmFsdWU9IjAiLz4KCQkJCQkJCQk8VHlwZSB2YWx1ZT0iSW50Ii8+CgkJCQkJCQkJPFVuaXF1ZSB2YWx1ZT0iMCIvPgoJCQkJCQkJCTxVbnNpZ25lZCB2YWx1ZT0iMSIvPgoJCQkJCQkJCTxaZXJvZmlsbCB2YWx1ZT0iMCIvPgoJCQkJCQkJPC9Qcm9wZXJ0aWVzPgoJCQkJCQkJPGNvbnRyb2wgdmFsdWU9IiIvPgoJCQkJCQkJPGRlbGV0ZSB2YWx1ZT0iMCIvPgoJCQkJCQkJPG5hbWUgdmFsdWU9ImNvbW1lbnRzX2NvdW50Ii8+CgkJCQkJCTwvbzE+CgkJCQkJCTxvMj4KCQkJCQkJCTxDaGFuZ2VzIHZhbHVlPSIiLz4KCQkJCQkJCTxQcm9wZXJ0aWVzPgoJCQkJCQkJCTxBdXRvaW5jcmVtZW50IHZhbHVlPSIwIi8+CgkJCQkJCQkJPENoYXJzZXQgdmFsdWU9IiIvPgoJCQkJCQkJCTxDb2xsYXRpb24gdmFsdWU9IiIvPgoJCQkJCQkJCTxDb21tZW50IHZhbHVlPSIiLz4KCQkJCQkJCQk8RGVmYXVsdF9WYWx1ZSB2YWx1ZT0iQ1VSUkVOVF9USU1FU1RBTVAiLz4KCQkJCQkJCQk8RmllbGRfUG9zaXRpb24gdmFsdWU9IjYiLz4KCQkJCQkJCQk8SW5kZXhlZCB2YWx1ZT0iMCIvPgoJCQkJCQkJCTxMZW5ndGggdmFsdWU9Ii0xIi8+CgkJCQkJCQkJPE5hbWUgdmFsdWU9ImNyZWF0ZWQiLz4KCQkJCQkJCQk8TnVsbGFibGUgdmFsdWU9IjAiLz4KCQkJCQkJCQk8T25fVXBkYXRlX1NldF9DdXJyZW50IHZhbHVlPSIwIi8+CgkJCQkJCQkJPFByZWNpc2lvbiB2YWx1ZT0iMCIvPgoJCQkJCQkJCTxTY2FsZSB2YWx1ZT0iMCIvPgoJCQkJCQkJCTxUeXBlIHZhbHVlPSJUaW1lc3RhbXAiLz4KCQkJCQkJCQk8VW5pcXVlIHZhbHVlPSIwIi8+CgkJCQkJCQkJPFVuc2lnbmVkIHZhbHVlPSIwIi8+CgkJCQkJCQkJPFplcm9maWxsIHZhbHVlPSIwIi8+CgkJCQkJCQk8L1Byb3BlcnRpZXM+CgkJCQkJCQk8Y29udHJvbCB2YWx1ZT0iIi8+CgkJCQkJCQk8ZGVsZXRlIHZhbHVlPSIwIi8+CgkJCQkJCQk8bmFtZSB2YWx1ZT0iY3JlYXRlZCIvPgoJCQkJCQk8L28yPgoJCQkJCQk8bzM+CgkJCQkJCQk8Q2hhbmdlcyB2YWx1ZT0iIi8+CgkJCQkJCQk8UHJvcGVydGllcz4KCQkJCQkJCQk8QXV0b2luY3JlbWVudCB2YWx1ZT0iMCIvPgoJCQkJCQkJCTxDaGFyc2V0IHZhbHVlPSJ1dGY4Ii8+CgkJCQkJCQkJPENvbGxhdGlvbiB2YWx1ZT0idXRmOF9nZW5lcmFsX2NpIi8+CgkJCQkJCQkJPENvbW1lbnQgdmFsdWU9IiIvPgoJCQkJCQkJCTxEZWZhdWx0X1ZhbHVlIHZhbHVlPSIiLz4KCQkJCQkJCQk8RmllbGRfUG9zaXRpb24gdmFsdWU9IjQiLz4KCQkJCQkJCQk8SW5kZXhlZCB2YWx1ZT0iMCIvPgoJCQkJCQkJCTxMZW5ndGggdmFsdWU9IjQwMCIvPgoJCQkJCQkJCTxOYW1lIHZhbHVlPSJkZXNjcmlwdGlvbiIvPgoJCQkJCQkJCTxOdWxsYWJsZSB2YWx1ZT0iMSIvPgoJCQkJCQkJCTxPbl9VcGRhdGVfU2V0X0N1cnJlbnQgdmFsdWU9IjAiLz4KCQkJCQkJCQk8UHJlY2lzaW9uIHZhbHVlPSIwIi8+CgkJCQkJCQkJPFNjYWxlIHZhbHVlPSIwIi8+CgkJCQkJCQkJPFR5cGUgdmFsdWU9IlZhckNoYXIiLz4KCQkJCQkJCQk8VW5pcXVlIHZhbHVlPSIwIi8+CgkJCQkJCQkJPFVuc2lnbmVkIHZhbHVlPSIwIi8+CgkJCQkJCQkJPFplcm9maWxsIHZhbHVlPSIwIi8+CgkJCQkJCQk8L1Byb3BlcnRpZXM+CgkJCQkJCQk8Y29udHJvbCB2YWx1ZT0iIi8+CgkJCQkJCQk8ZGVsZXRlIHZhbHVlPSIwIi8+CgkJCQkJCQk8bmFtZSB2YWx1ZT0iZGVzY3JpcHRpb24iLz4KCQkJCQkJPC9vMz4KCQkJCQkJPG80PgoJCQkJCQkJPENoYW5nZXMgdmFsdWU9IiIvPgoJCQkJCQkJPFByb3BlcnRpZXM+CgkJCQkJCQkJPEF1dG9pbmNyZW1lbnQgdmFsdWU9IjEiLz4KCQkJCQkJCQk8Q2hhcnNldCB2YWx1ZT0iIi8+CgkJCQkJCQkJPENvbGxhdGlvbiB2YWx1ZT0iIi8+CgkJCQkJCQkJPENvbW1lbnQgdmFsdWU9IiIvPgoJCQkJCQkJCTxEZWZhdWx0X1ZhbHVlIHZhbHVlPSIiLz4KCQkJCQkJCQk8RmllbGRfUG9zaXRpb24gdmFsdWU9IjEiLz4KCQkJCQkJCQk8SW5kZXhlZCB2YWx1ZT0iMSIvPgoJCQkJCQkJCTxMZW5ndGggdmFsdWU9IjE2Ii8+CgkJCQkJCQkJPE5hbWUgdmFsdWU9ImlkIi8+CgkJCQkJCQkJPE51bGxhYmxlIHZhbHVlPSIwIi8+CgkJCQkJCQkJPE9uX1VwZGF0ZV9TZXRfQ3VycmVudCB2YWx1ZT0iMCIvPgoJCQkJCQkJCTxQcmVjaXNpb24gdmFsdWU9IjEwIi8+CgkJCQkJCQkJPFNjYWxlIHZhbHVlPSIwIi8+CgkJCQkJCQkJPFR5cGUgdmFsdWU9IkludCIvPgoJCQkJCQkJCTxVbmlxdWUgdmFsdWU9IjEiLz4KCQkJCQkJCQk8VW5zaWduZWQgdmFsdWU9IjEiLz4KCQkJCQkJCQk8WmVyb2ZpbGwgdmFsdWU9IjAiLz4KCQkJCQkJCTwvUHJvcGVydGllcz4KCQkJCQkJCTxjb250cm9sIHZhbHVlPSIiLz4KCQkJCQkJCTxkZWxldGUgdmFsdWU9IjAiLz4KCQkJCQkJCTxuYW1lIHZhbHVlPSJpZCIvPgoJCQkJCQk8L280PgoJCQkJCQk8bzU+CgkJCQkJCQk8Q2hhbmdlcyB2YWx1ZT0iIi8+CgkJCQkJCQk8UHJvcGVydGllcz4KCQkJCQkJCQk8QXV0b2luY3JlbWVudCB2YWx1ZT0iMCIvPgoJCQkJCQkJCTxDaGFyc2V0IHZhbHVlPSIiLz4KCQkJCQkJCQk8Q29sbGF0aW9uIHZhbHVlPSIiLz4KCQkJCQkJCQk8Q29tbWVudCB2YWx1ZT0iIi8+CgkJCQkJCQkJPERlZmF1bHRfVmFsdWUgdmFsdWU9IjAiLz4KCQkJCQkJCQk8RmllbGRfUG9zaXRpb24gdmFsdWU9IjEwIi8+CgkJCQkJCQkJPEluZGV4ZWQgdmFsdWU9IjAiLz4KCQkJCQkJCQk8TGVuZ3RoIHZhbHVlPSI5Ii8+CgkJCQkJCQkJPE5hbWUgdmFsdWU9Im1pbnVzZXNfY291bnQiLz4KCQkJCQkJCQk8TnVsbGFibGUgdmFsdWU9IjEiLz4KCQkJCQkJCQk8T25fVXBkYXRlX1NldF9DdXJyZW50IHZhbHVlPSIwIi8+CgkJCQkJCQkJPFByZWNpc2lvbiB2YWx1ZT0iMTAiLz4KCQkJCQkJCQk8U2NhbGUgdmFsdWU9IjAiLz4KCQkJCQkJCQk8VHlwZSB2YWx1ZT0iSW50Ii8+CgkJCQkJCQkJPFVuaXF1ZSB2YWx1ZT0iMCIvPgoJCQkJCQkJCTxVbnNpZ25lZCB2YWx1ZT0iMSIvPgoJCQkJCQkJCTxaZXJvZmlsbCB2YWx1ZT0iMCIvPgoJCQkJCQkJPC9Qcm9wZXJ0aWVzPgoJCQkJCQkJPGNvbnRyb2wgdmFsdWU9IiIvPgoJCQkJCQkJPGRlbGV0ZSB2YWx1ZT0iMCIvPgoJCQkJCQkJPG5hbWUgdmFsdWU9Im1pbnVzZXNfY291bnQiLz4KCQkJCQkJPC9vNT4KCQkJCQkJPG82PgoJCQkJCQkJPENoYW5nZXMgdmFsdWU9IiIvPgoJCQkJCQkJPFByb3BlcnRpZXM+CgkJCQkJCQkJPEF1dG9pbmNyZW1lbnQgdmFsdWU9IjAiLz4KCQkJCQkJCQk8Q2hhcnNldCB2YWx1ZT0iIi8+CgkJCQkJCQkJPENvbGxhdGlvbiB2YWx1ZT0iIi8+CgkJCQkJCQkJPENvbW1lbnQgdmFsdWU9IiIvPgoJCQkJCQkJCTxEZWZhdWx0X1ZhbHVlIHZhbHVlPSIwIi8+CgkJCQkJCQkJPEZpZWxkX1Bvc2l0aW9uIHZhbHVlPSI5Ii8+CgkJCQkJCQkJPEluZGV4ZWQgdmFsdWU9IjAiLz4KCQkJCQkJCQk8TGVuZ3RoIHZhbHVlPSI5Ii8+CgkJCQkJCQkJPE5hbWUgdmFsdWU9InBsdXNlc19jb3VudCIvPgoJCQkJCQkJCTxOdWxsYWJsZSB2YWx1ZT0iMSIvPgoJCQkJCQkJCTxPbl9VcGRhdGVfU2V0X0N1cnJlbnQgdmFsdWU9IjAiLz4KCQkJCQkJCQk8UHJlY2lzaW9uIHZhbHVlPSIxMCIvPgoJCQkJCQkJCTxTY2FsZSB2YWx1ZT0iMCIvPgoJCQkJCQkJCTxUeXBlIHZhbHVlPSJJbnQiLz4KCQkJCQkJCQk8VW5pcXVlIHZhbHVlPSIwIi8+CgkJCQkJCQkJPFVuc2lnbmVkIHZhbHVlPSIxIi8+CgkJCQkJCQkJPFplcm9maWxsIHZhbHVlPSIwIi8+CgkJCQkJCQk8L1Byb3BlcnRpZXM+CgkJCQkJCQk8Y29udHJvbCB2YWx1ZT0iIi8+CgkJCQkJCQk8ZGVsZXRlIHZhbHVlPSIwIi8+CgkJCQkJCQk8bmFtZSB2YWx1ZT0icGx1c2VzX2NvdW50Ii8+CgkJCQkJCTwvbzY+CgkJCQkJCTxvNz4KCQkJCQkJCTxDaGFuZ2VzIHZhbHVlPSIiLz4KCQkJCQkJCTxQcm9wZXJ0aWVzPgoJCQkJCQkJCTxBdXRvaW5jcmVtZW50IHZhbHVlPSIwIi8+CgkJCQkJCQkJPENoYXJzZXQgdmFsdWU9InV0ZjgiLz4KCQkJCQkJCQk8Q29sbGF0aW9uIHZhbHVlPSJ1dGY4X2dlbmVyYWxfY2kiLz4KCQkJCQkJCQk8Q29tbWVudCB2YWx1ZT0iIi8+CgkJCQkJCQkJPERlZmF1bHRfVmFsdWUgdmFsdWU9IiIvPgoJCQkJCQkJCTxGaWVsZF9Qb3NpdGlvbiB2YWx1ZT0iNSIvPgoJCQkJCQkJCTxJbmRleGVkIHZhbHVlPSIwIi8+CgkJCQkJCQkJPExlbmd0aCB2YWx1ZT0iLTEiLz4KCQkJCQkJCQk8TmFtZSB2YWx1ZT0idGV4dCIvPgoJCQkJCQkJCTxOdWxsYWJsZSB2YWx1ZT0iMCIvPgoJCQkJCQkJCTxPbl9VcGRhdGVfU2V0X0N1cnJlbnQgdmFsdWU9IjAiLz4KCQkJCQkJCQk8UHJlY2lzaW9uIHZhbHVlPSIwIi8+CgkJCQkJCQkJPFNjYWxlIHZhbHVlPSIwIi8+CgkJCQkJCQkJPFR5cGUgdmFsdWU9IlRleHQiLz4KCQkJCQkJCQk8VW5pcXVlIHZhbHVlPSIwIi8+CgkJCQkJCQkJPFVuc2lnbmVkIHZhbHVlPSIwIi8+CgkJCQkJCQkJPFplcm9maWxsIHZhbHVlPSIwIi8+CgkJCQkJCQk8L1Byb3BlcnRpZXM+CgkJCQkJCQk8Y29udHJvbCB2YWx1ZT0iIi8+CgkJCQkJCQk8ZGVsZXRlIHZhbHVlPSIwIi8+CgkJCQkJCQk8bmFtZSB2YWx1ZT0idGV4dCIvPgoJCQkJCQk8L283PgoJCQkJCQk8bzg+CgkJCQkJCQk8Q2hhbmdlcyB2YWx1ZT0iIi8+CgkJCQkJCQk8UHJvcGVydGllcz4KCQkJCQkJCQk8QXV0b2luY3JlbWVudCB2YWx1ZT0iMCIvPgoJCQkJCQkJCTxDaGFyc2V0IHZhbHVlPSJ1dGY4Ii8+CgkJCQkJCQkJPENvbGxhdGlvbiB2YWx1ZT0idXRmOF9nZW5lcmFsX2NpIi8+CgkJCQkJCQkJPENvbW1lbnQgdmFsdWU9IiIvPgoJCQkJCQkJCTxEZWZhdWx0X1ZhbHVlIHZhbHVlPSIiLz4KCQkJCQkJCQk8RmllbGRfUG9zaXRpb24gdmFsdWU9IjMiLz4KCQkJCQkJCQk8SW5kZXhlZCB2YWx1ZT0iMCIvPgoJCQkJCQkJCTxMZW5ndGggdmFsdWU9IjI1MCIvPgoJCQkJCQkJCTxOYW1lIHZhbHVlPSJ0aXRsZSIvPgoJCQkJCQkJCTxOdWxsYWJsZSB2YWx1ZT0iMCIvPgoJCQkJCQkJCTxPbl9VcGRhdGVfU2V0X0N1cnJlbnQgdmFsdWU9IjAiLz4KCQkJCQkJCQk8UHJlY2lzaW9uIHZhbHVlPSIwIi8+CgkJCQkJCQkJPFNjYWxlIHZhbHVlPSIwIi8+CgkJCQkJCQkJPFR5cGUgdmFsdWU9IlZhckNoYXIiLz4KCQkJCQkJCQk8VW5pcXVlIHZhbHVlPSIwIi8+CgkJCQkJCQkJPFVuc2lnbmVkIHZhbHVlPSIwIi8+CgkJCQkJCQkJPFplcm9maWxsIHZhbHVlPSIwIi8+CgkJCQkJCQk8L1Byb3BlcnRpZXM+CgkJCQkJCQk8Y29udHJvbCB2YWx1ZT0iIi8+CgkJCQkJCQk8ZGVsZXRlIHZhbHVlPSIwIi8+CgkJCQkJCQk8bmFtZSB2YWx1ZT0idGl0bGUiLz4KCQkJCQkJPC9vOD4KCQkJCQkJPG85PgoJCQkJCQkJPENoYW5nZXMgdmFsdWU9IiIvPgoJCQkJCQkJPFByb3BlcnRpZXM+CgkJCQkJCQkJPEF1dG9pbmNyZW1lbnQgdmFsdWU9IjAiLz4KCQkJCQkJCQk8Q2hhcnNldCB2YWx1ZT0iIi8+CgkJCQkJCQkJPENvbGxhdGlvbiB2YWx1ZT0iIi8+CgkJCQkJCQkJPENvbW1lbnQgdmFsdWU9IiIvPgoJCQkJCQkJCTxEZWZhdWx0X1ZhbHVlIHZhbHVlPSIiLz4KCQkJCQkJCQk8RmllbGRfUG9zaXRpb24gdmFsdWU9IjIiLz4KCQkJCQkJCQk8SW5kZXhlZCB2YWx1ZT0iMSIvPgoJCQkJCQkJCTxMZW5ndGggdmFsdWU9IjExIi8+CgkJCQkJCQkJPE5hbWUgdmFsdWU9InVzZXJfaWQiLz4KCQkJCQkJCQk8TnVsbGFibGUgdmFsdWU9IjAiLz4KCQkJCQkJCQk8T25fVXBkYXRlX1NldF9DdXJyZW50IHZhbHVlPSIwIi8+CgkJCQkJCQkJPFByZWNpc2lvbiB2YWx1ZT0iMTAiLz4KCQkJCQkJCQk8U2NhbGUgdmFsdWU9IjAiLz4KCQkJCQkJCQk8VHlwZSB2YWx1ZT0iSW50Ii8+CgkJCQkJCQkJPFVuaXF1ZSB2YWx1ZT0iMCIvPgoJCQkJCQkJCTxVbnNpZ25lZCB2YWx1ZT0iMCIvPgoJCQkJCQkJCTxaZXJvZmlsbCB2YWx1ZT0iMCIvPgoJCQkJCQkJPC9Qcm9wZXJ0aWVzPgoJCQkJCQkJPGNvbnRyb2wgdmFsdWU9IiIvPgoJCQkJCQkJPGRlbGV0ZSB2YWx1ZT0iMCIvPgoJCQkJCQkJPG5hbWUgdmFsdWU9InVzZXJfaWQiLz4KCQkJCQkJPC9vOT4KCQkJCQk8L2ZpZWxkPgoJCQkJCTxpbmRleD4KCQkJCQkJPG8wPgoJCQkJCQkJPENoYW5nZXMgdmFsdWU9IiIvPgoJCQkJCQkJPFByb3BlcnRpZXM+CgkJCQkJCQkJPENvbW1lbnQgdmFsdWU9IiIvPgoJCQkJCQkJCTxGaWVsZHMgdmFsdWU9ImFXUT0iLz4KCQkJCQkJCQk8TmFtZSB2YWx1ZT0iUFJJTUFSWSIvPgoJCQkJCQkJCTxUeXBlIHZhbHVlPSJCVFJFRSIvPgoJCQkJCQkJCTxVbmlxdWUgdmFsdWU9IjEiLz4KCQkJCQkJCTwvUHJvcGVydGllcz4KCQkJCQkJCTxjb250cm9sIHZhbHVlPSIiLz4KCQkJCQkJCTxkZWxldGUgdmFsdWU9IjAiLz4KCQkJCQkJCTxuYW1lIHZhbHVlPSJQUklNQVJZIi8+CgkJCQkJCTwvbzA+CgkJCQkJCTxvMT4KCQkJCQkJCTxDaGFuZ2VzIHZhbHVlPSIiLz4KCQkJCQkJCTxQcm9wZXJ0aWVzPgoJCQkJCQkJCTxDb21tZW50IHZhbHVlPSIiLz4KCQkJCQkJCQk8RmllbGRzIHZhbHVlPSJkWE5sY2w5cFpBPT0iLz4KCQkJCQkJCQk8TmFtZSB2YWx1ZT0idXNlcl9pZCIvPgoJCQkJCQkJCTxUeXBlIHZhbHVlPSJCVFJFRSIvPgoJCQkJCQkJCTxVbmlxdWUgdmFsdWU9IjAiLz4KCQkJCQkJCTwvUHJvcGVydGllcz4KCQkJCQkJCTxjb250cm9sIHZhbHVlPSIiLz4KCQkJCQkJCTxkZWxldGUgdmFsdWU9IjAiLz4KCQkJCQkJCTxuYW1lIHZhbHVlPSJ1c2VyX2lkIi8+CgkJCQkJCTwvbzE+CgkJCQkJPC9pbmRleD4KCQkJCQk8bmFtZSB2YWx1ZT0icG9zdCIvPgoJCQkJCTx1bmlxdWU+CgkJCQkJCTxvMD4KCQkJCQkJCTxDaGFuZ2VzIHZhbHVlPSIiLz4KCQkJCQkJCTxQcm9wZXJ0aWVzPgoJCQkJCQkJCTxGaWVsZHMgdmFsdWU9ImFXUT0iLz4KCQkJCQkJCQk8TmFtZSB2YWx1ZT0iUFJJTUFSWSIvPgoJCQkJCQkJPC9Qcm9wZXJ0aWVzPgoJCQkJCQkJPGNvbnRyb2wgdmFsdWU9IiIvPgoJCQkJCQkJPGRlbGV0ZSB2YWx1ZT0iMCIvPgoJCQkJCQkJPG5hbWUgdmFsdWU9IlBSSU1BUlkiLz4KCQkJCQkJPC9vMD4KCQkJCQk8L3VuaXF1ZT4KCQkJCTwvbzI+CgkJCTwvdGFibGU+CgkJPC9waWthYnU+Cgk8L01vZGVsPgo8L3Byb3BlcnRpZXM+Cgo=', NULL, 'iVBORw0KGgoAAAANSUhEUgAAAMgAAABCCAIAAACdEQ53AAAABmJLR0QA/wD/AP+gvaeTAAAdPklEQVR4nO19WXNcx5Xmye3utS8oAMRGAFwkihI3kdbSkihH2+02LcWE2714JhwT0zEvM/MyMz+ln7sj+sXRE+Oxu+3x0i2NtbklSpZMSiIhEhQWAgWgUIVab926W2bOQ4JFiKQocIEltPE9VFTduvdm3jqn8pw8ec6X6MqVK8VikXMOe9hVQAhxLhr1pgRAAAAg5ZfcJQCJMS4U89XqOqrX65lM5svu0B7uBz/+xd+4/DICDAgBAKX4ho59Bgjdh87JO97qc76SgBBGCACCICw6Z04//h26N1btUqxXah1xcXg0FbiDYehTitOlqmFRQjFsUSMpZc+LNZ3saGfiSHTdECFIZa0P337r+tJxuqPt7WHnIKVkjEUhRiIhYywRjiMIA/n6T+Zth6kTEEKU0QvvrHz7Lw6WRizBd8RYIoQCn/+/n11N56wXvjXFGI3CcE+xdjMkSJBSghSbxo7H4uP3q7lCAiGEsHQcM/B7qYwNO+l+SSktRzt2ZsRO6JhgCQCA9hRrFwNhqVth07siWMwJZjpgjJ7/k4nDT2QBQIib2oSxBOB4J+3h+HQaAAA4whIA9hRrtwJhWLqCRGBIKQB0KeV8HUkAxywsXBbqFAAEIAEAIdTXM4ywkEIdhBsWU967e48AEYqEkEJIBAgQSCkxQSvz6NHBPcXatRCCP3viP545fardDSlBFCNAGAAQAoyxUhSlTxijbtezbQsAhJCdTtu2bUKI5/UIIaapd13PtCyEII7j7XcgjsXiYqtQsHI5Kww558I0GcbojTd/w3m0p1i7FVJKw6A9Dj+62CnY+NvHMtVqdXFxkTHWarUIIbqu12q1oaGhWq22sbGRy+Uwxoyx1dXV7373u8vLy6+99tr4+HgYhvV6PZfLCSFefPHF7XegvurOzTevfVo3TYYQ6vUihOD48X2myQAA79iD72HHgZB0e9GlhfqV5aYEaLWavV6vXC7Pzs5KKXu9nud5y8vLCwsLiUSiXC4HQdBut03TBIBms8kYq1Qq8/PzjuOsrKxEUXRPBpEQFEUx52JpqdVs9hCC9fWulHLT+Far1Xw+v1OPvocdw+rq6srKyokTJxbXmilbTydMAOh0OowxAGCMYYw9z2OMKXVRrxhj13UXFxfHxsZM0ySECCEwxkIIIYRlWdvvgJTQbPqOo3EuCMGcCyGkZbF33nmHELJnCnc9xkrp/vtEIrH1K9u2bz8/m82m02mMH9RYIQSZjAEAjOH+K9zQ4D3F2vVYbQSWTlIWBYBer0cpBQApJeecMcY5F0Loui6EQAhxzj3P45wnEglN0wDA9301bqmPyiAq50xNG7fC86Jm0y8W7VYrqNc9KcHzomzWNAzKuWw0eoODKYwR7CnWrgYlaL0V/d1vGjkL/tNzpeuLn5bLK77vB0HQ7XajKCoUCs1mM47jfD5fLpcHBgaiKPI8T9d1hNBLL73U7XbPnz9v23alUkkkErZtX79+3bKsRqPx/e9/n5BbA1+uG/7sZ1cHB51GwzdNOjyc/OCD1cOH85bF4li+8cbi00+PJxJYiD3F2s0QEpIWI2HbSRiUgGXZjDFKqaZpo6OjhJAwDEulEqU0DEOEULFYNAyj1WoJIZrNpuu6GGPTNE3TTCaTqVRqfX19enpa07RMJsM5v12xTJNNTWWHh5ONRm91tVMo2IcP50slZ2OjNzycfO65McPQ1Jl7zvtuRd95D8KIUYzvPaw+OztLKZ2YmLi/DnQ6AULIcTTXDaWERGJTpd5++22q7PEedjV0jd3fhdPT03c/4UbwQd7ubAFAIqGrN46j3f7tnmLtYihx/3bOzdhkcsCMoqhSqWCMdV33PC+ZTPq+v7y8PDQ0JKXUdf3SpUvPPPPM9ueDUcR//OOZoaHE8HASISAE53Jmvd4zDBqGfGXFHRlJmiZtNn0hZDptdjrB0NCe8777QTC+XvP/4d1GzoL/8acjs7NX6/VGo9EwTfPKlSvT09OXL18eGBi4cOECpTSVSjWbzWeeeWb799c0MjSULBSst966TinWNOL7cbcbDQ8ner0IIXTlSi0IYtvW1MntdnD06BAhWMo9xdrN4EKO5o0nh/lwzmQExsbGAdDExEQikRgcHHQcp1QqJRIJ3/cZY5qmdTqdew1fHTyY03X6zDOjjqNJKYOAu26YSGiuG1GKer1Y00gmY2CMarXe7OzGgQO5y5fnEUJ7zvtuRd95/7I7ciuU8763VrjrccsC3x3X+4QQt7y5HWHIpZSc3zyh0eh1u+Etp/V6cRyLOBbtdiCEbLeDIODqSBRxuJGNs2cKdzEwQlzCT95vFhz8R4dSnU7ntddeSyaTmqZZlmWapgpfqZCpYRgbGxtCiGKxqBYHCSFHjx7t3+2998oIIdtmUSQsi21seFJCNmt+8knt9Ol95XI7kzGqVU/TyNqayxiOYyElSAm5nGnbLAzFhQtrZ86MUrrnY+1yYIwqjeDNmXoxgZ8+kKpUKq7rrq6u2rY9MDCwvr6ey+Usy0qn05cuXQIAXddN05yZmdE0jVJq23YYhmolBwByOevNNxePHx96663r4+Pp0dFUtxtijBIJ7be/LZfLnWLRPnAgp1Z1CEHJpB4EsaYRxnCnE9o2wxhWV91iEXG+FyDdtej7WBevreeSxr5iknOxsVGzbbvX66mkBpW5kEwml5aWut3u/v37u92urutBENi2LaU0DKMfo+Jcel7IGHHd0LKYZbHV1Y5pMtNkUcR9P7Ys5vvx2pr7yCOFMOTNpp9OG+124PtxtxuOj6eFkBjTCxfOY0z2FGu34ivuvO+Zwl0MhDCIYGX+n7lwRqZfUHkK3W7Xsqy+gXtwSAm1mlcoWFEkWi0/CGLPi0ZH0+VyO5HQAWQyqUeR8rckxnQvQLrrgRCKwqC19utmb2Rk+oW1tbVLly6tra2dO3euWCw+vHbkq6/OWRaTUjab/hNPDNbrXqPhv/tu+YUXJioVt1Cw2u0AAFkW9X2paViIvdTk3QwhODOS9Q3dsEYBgFKKMc7lcg9xuAIAhFAmYwwOOum0kU4bUkrf5whBqeR0u6EQkjGi67RQsK5fb5VKjioH2vOxdiv6PlZtdc50MnZik4DjjukuDwuuGzabfqnkEIIAULcbttvB0FBC1ZDFsaAU7/lY/0aQH9y/9ePOaRUAOI62NZeh/xHdZCXZxJ5i7XpcXfWSJiml9SiKVO2NSi82DMMwDADwPM+yLFVYwTlPJpNSykajoWmaEMIwDFXSwzmv1+t3z6XpdIKVFXdoyKnX/VrNwxg6nXBgwDZNFsdibc2dmMgRgmFPsXY1KMHlevD3bzezpvxvfzy8uLDwxptv2rZt23az2Uwmk5RSSmmtVkulUgsLCxMTE1EUvfTSSwsLCwsLC2EYttvtZDLJOXddV1Xp3F2xfD9+9dW54eFEo+EnEtrYWPrDDyuPPFIwDCqlfP31Rc8T2SzmHKgaxOobza1rTDtIISGBUpLOJHeuhT8cCCEHs/qI6e3Lm4xAJpt9/vnnMcbdbhcAHMdpNBrdbjeXyxFC8vl8oVBYXV1ttVqWZaVSKcZYPp/XNK3ZbB4+fDgMwyAIlLf0eS3atnb69HCxaLfbwdxcI5XSn3xyOJXSq1VvfDx97pzBGHPdCgBC1Wrt7Q/+T837LUabBpJQghDcXz3/3YAQRgAAXjecLP3J80+//DBv/oeHmwFSKQChz+dJuxVXr17NZrMPPmOLIi4laBoJAo4QaNqmb7fpvDfqrVZ0YXTKCdpDYeBTjSQL65ZDA58bFiUESQkIQK043jcQAr8X+72IEOwknfdfe/Xk0W84CfMBn20PAADo3mJGBw4ceCjNMkaEkHEsNI1sHeM2HXnF3xWHCIQjYgSY8Rh6XfH3f/PRE08O1WvddE6vV/0/+uaIZWv3PYZhjNx29C//NDN5sPDkcyOEkCi6B/6JPdwRSoSvXGrlbfLEuNNut8vlcrfbTSaT+Xy+UqnkcrlqtWrbdhzHU1NTURTNz8+bptnr9VTNarVaRQitrq6+8MIL22mxXu99+GFleDhRq3nNpm+abH29OzaWchwtDPnMTO348X2EbIm8SwkgkcqCkEJqOk6n7fmrnevX2k6Kthrd088P2c7906cKIbN56/iZ0dK+JGwSodznrfbQB8Foqeb/3wuNvI2OjDrl5eV3zp/XNE3XdUKI7/tKdQ4dOrS6ujo1NVWtVhcWFtSUUNf1OI4RQgih7UcohJCffFLr9aJazbNtbXw8/ckntaGhRL3uaxqpVrvz842BAcy5UiwkdTtqdK9IFkcYMwMwlef+ajKOJaV4eb5bWfHSOQ3QgzJ3HXgsJyUAEgh9+QS//wbAhRzJG+ceYQMZk2KwbPvQoUPKDXddV9M0xphKZNi/f//8/LxhGIcOHdJ1PQxD0zTb7XY2mwUA13W3GVZNpYyXXz5k20yNT7pOv/Odg1HEGw1/cjIzNZXFmMzOVhHCFGEoX0M80AEIIF3waLGJQQLCirNLIpQcLKWu/e5u/JVIUTFJiQApi48QElxigqSUIDenmeqOCKFqmd+jY7CHO0B5JmePDauPY2NjY2Nj6v0ta4W5XK5erzPGtpI79P33dDoN2wNjuFRy1Ptnnhm90Q240SwAAOeCUkyFiJ564vsnjj+xvnyeCzYwciqKQkJwHMcIYcbYdoIPnEvfj1MpPQy550VBwMOQDwzY6+ueYRBdpxgjQlAYCoSAMfoa+mfOo20+zB7ujjAShCCCURzHGON+uUQURZTSfuxADU4PEZ4XLS21BgacdNrY7EnINY30nXfQDIYg6NZ+utFOjU6frjeaV69eWV5ePnv27ODg4Hba6PXiV16dKxZtlV54/PjQwkKjWvNmZqonTgy5bkgINk26seFlMibGxLTYQ45l/EECY+SF8h/ON/IOOncse/ny5cXFRYTQ6Ohoq9Xa2Nh4/PHH77vQeTutnz9fPn588PXXFyYmMu12UKm4zz03qdJmMAAIHlPdaTYMTAYBgPO4Wq2qpfJttoEQCCEZw0JIlava7UZxzKWUrhsGQQwgwzA2Tfrpp/VUSt/Ku7qH+wZG0PXjS4v1q8stCZBJp4MgaDQavu/Pzc1ls9kdXTc0DDo9nUMIWq3A86KFhWYuZ/XnZGhmZsZ13ZMnT5bnL+hWJj8wpji4giCwLOsuQdhbEEUCY0AIlcttKSGTMUyTcS4aDT8M+b59yTgWhGDPCxMJ/Ze//OWpU6dyudxOPfQfAG4nXhNChGGoqiQopZxzVQC9c31Q6QzdbsQYJgSrmNb5858lXhueeEK9UXb6XhMf+rxbIyOp/kFKb/p6KjLbL/jfw8OCIl6TABhjteqssKPDlYJKZ7BttrXFW4nXKs1QoyjjMCmlqhbyfV/TtCAI6vV6Pp+nlBJCOOeKW1dREiqCr0ajkUgk+kSDcSxWVjqDg47nxbWahxA0m/6BA7lr1+qFgsUYUzG0PTwU9InX2u12p9NRTGv5fF7XdSWje8XycttxNM+LikUbYxQE8ZUrG5bFdJ2OjiajSDBGut1waakthNQ0vLHRm57Ozc83BgZsjOnN7AaCUd2N/+439YQOf/3cwPra0jvvnNd1XUqJMSaENBoNxtiZM2dGR0ffeOONVCp1/fp1xlixWFxaWlIcqd/4xjf6isW5eOWVuUzG8P04jsVTT43U670PPlj9+OP1p54awZgo/24PD4itxGt//UJpfn5uZuYT13VTqZTneZTS733ve/ehW+128Otfzx88mP/Vr64VizZCyDTp6GjqRz+6PDWVLZc7yaRumswwaKlkLyw0XTeq13uci2bTT6U23SwKABIgYVIWdyyD6QyFYej7/sjIiOu6mUym2WxOTk52Op1utyuESCQSlFLHcbLZbK1Wy+fzpVIplUptHXgJwZOTmWLRcd1gddXt9eIgiAcHE+Pj6TgWuv77yNWJIxnHfCfi+1KCptEd3eVhm9hKvEYQDA8P1+uNsbExznkURYyx+7OGk5OZa9fqw8OJcrmTThuHDxcuXqwsL7effXas3Q7SacNxtP37M3NzjZmZ2vR0tt0OlVEqlZxul6sp303nPQwjSjAmROVObLXWChsbG8vLy48++ug9uV++H/d6USazud7seRFC5I03/uXkyZM757zPXPng7Ys/pNrm3FMFbREgeVtM7o4HP++EG1MZEQf6Hz/7n4dKow+74/eABydeexBICbVat1D4DHluGPIwhEuX3sN4i/Ou3eDv+rx5RC6Xuw9VMAxqGFTKzcVBy9r0zO71PveEDy7/cvTRjt8ajCPBmM6sWqaIpQAVpxUSMEY8FirqQQjCGMWxFEJShhECKQDhzdc44v0MojDkUgAhqOtVX//Xf/rLf/dfd/Qpton7Jl57ECAEt2gVAGga0TQQQmIMFG78ET9YcG0NHxyyVsrlRrOZyWQMw8AYLywsDAwM3BIpvXhxzbY1KWUqZVCK6/Xe9eutQsF23eDo0VKr5ds2W1tzXTdstYIjR4qXL1cdR/v00/rBg/lEwtxpMhJCMEZMhmkRCUTsyG8QTP7xh7OFARsAskW9UvamHkkPjiT+99/OjE2l41gcfCybLZiX3q92O3Emr9erfrZguO14eb41OJo48VRJSpi/Urvw7vKZ5yaGxuwoCnb0EbaDW4jXfN+P49jzPLW0rKZZitC2Uqk0m810Oj0+Pv4gLf7ud6vptKFpZGGhSSmOIjExkb5yZeORRwrz883Dh/OVSk8Jd9N5X2uG/+vdhq3B//yW6Xne+++/32g0jh07duHChYmJCcdxbm/jlVfmTpwY/OlPr46MJNNpI5MxEwntww/XajVvfr6Zz1sjI8lMxsQ47HYjVZG9tubu25dkjP0eUhuklIAQAoQAyc0dZsjCrPvpTNNOEL8XGSbefzADQK5+1KqueZbDhscTF85X6utRIql13Xh0Mnn9mlsc1kNfAgLB5ej+bKcdDI2mOI/QthPrdg5bidf++5+OlJeXL8/MdLtdQkitVisUCrqunzt3rtfrvf7661LKY8eOPWCLS0vtjz+uGgbxfT49nbUs1m4HGCNVZb+83G40QstCm6zJQspSWvvaiEw7mqmhfSMjT3IuhEin0yMjI4yx22cWhw4VDIMVCpam0WzWLJWcS5fWAeCb35zudIKxsUw6rWsaXVpqZbNWFAnb1iYnswMDjqYRKe+8w+xDBEKgGaglyzESMmaOE0uJX/jWaKfFz3573Pfi999aT2Xsj9+vvXhuXEoURxJj8dF7tfGp7LNfT+cHjU4jslO02+JWEoeBABCYgO3QJ58dAUBBEH4V0n6ElKN54/Q+MZwzNQLD+/a1O51kMhmGoaJPTiQSjUYjDMOzZ882m82RkZEHbPHEiSG1CVS12q3Xe+m0SSnOZEwhgFJSKjn79rGrV8sIIYoQCoKQ8/hbJ4oA4Ps+QmhqagoAFKWElFJK6ft+/+4qLXpyMiGEPHIkI4QUIjxyJCullBKSSXPfPktK4FzYdsqymBAwOZngXBQKad/nlNJr14Ltx/TvA62NOJgJMeKAIAhkzyPVlQghhDAgACnh6JOlXpf3uoKHEcKAMfJc4XskX0gHPix/2gMEzXqMMWo1JEKoWg4xRlJu7ofsB37sfi7R1O8HNwTHX3pyAG4I7rHHHusnrSvBLS8vU0qHhoYGBwc5571e70F++WKxT02T9n3bMBiARMjmXBSLmqYRxojvB6ZpUoTQ3Nyc4gRXfVLKpDYyUHfp71GmoNYQhRBf6IPfss21ujPGaGVl5cG33LgLhgvHT5/+LxgB55IQLKWklEkpN/uDII5ijJGUgnPJGA3DiDKidE49lmHQOBZhyIMgVlzT7XZAKdZ1KgHiKHr7nbfuXnew00AIzc7OYozDcJMb7Y6CI4QghJaWllRCn9K2u9Cv3UsHPiPc/rY8c3Nzjz32GAUAIUSpVPI8T8Xcc7mcopYPw1D1VYVD1G5SxWKx1+slEglVwtZoNO6iIv2GEULNZnN5eXl6eloVsj34g31+o9I09Xw+8+5c93o9/tZjCUvH7733XiaTabfbjuP4vr+0tPT00087TvLixYuNRiOfzz/xxOaKVqsVvvXW9aGhRLPZazT8I0eK8/PNQkFev96anMwSIjwvHh62+kz5XyKklIODg91uty+4TqejxoitgvM8z/f9QqHgeV42m22322oDgQf8b28Vbq/Xm52dnZycSiY38702Z4UIIcdxpJSO42iapjZa6fV6hmGobe4RQowxRbzkuq6aMG6fIwAhFMdxuVweGRm5py2m7hMSYi5+M1O7Vo0eH8ITBe3ixYu2bWOMbdtut9u6rquf/urVqwihrZluUopKpWOapFbzMEa2TTsdnzG0seENDtpCyCgSnBs7WiO3fdwiOEXnp9bi1OCk1k6CIFA7VgBAf9uchwghxMrKysDAQCq1Wdi3qViVSkUpEAAQQuI4VsMmgOKm2bR9ANBqteI4Vras3W5vU+ullOl0+sUXX2SMPZRx+O4QUlKC//Jr+XLVnR5KRFH0+OOPHzlypNvtqlICXdeXlpZ0XX/55Zdd19067U0m9T/7s0cYI1LK2dl6FImvfW0kmzWOHSttbPQIQYODCQD+Vcj8QQitra1tR3BSyna7HcexmjOqdPiH2BPDMM6ePauWAdURqsaSdrvNOf9Cj0ENevBZr2ubbaszoyjCGPd/ix1FKWuXsjYAMMZOnToFAGoPSLXZ2tTUlCowVwf7wBj1UzCOHh3oHzdN1l8/iOP7ryt5iIii6J4E15ca3FxFeGhACHmep5QbVPkXISSdTnPO1RoTIQRjHEV3SB1WvVEMlur6KIq2eot3AeccI4wJvqeykAdBxIXb4xmHCSE6nU4qlYIbU1oAiKLIsqxqtVooFG70UDYavXzeCkPeavlBwD0vSib1VstPpYxuN0wkdMtinEtCtvXIOw1KaSaTiW/gXgX3ED1dNSgyxvrC3VzSGRgYUB4fxjgIAtVFFbpFCKnd7ggh1Wo1juNsNqsiJVEUqdHuC39ljHGj0fjwww9Pnjy5/dT9+4baZPsnv60vt8Sfn0ym9fjnP/95LpdDCAkhUqnUmTNnPvroo3q9Xq1Wf/CDH6ir4lj84hfXsllD0eSfOjVUr/sLC81m0x8aSlSr3tRUxvd5txvu35/6iiRoDAwMBEFwF8FxzimllUoFAFKpVN9W+L7vuu5D+XsoYuZ33n7n6ONHS6WSuuemoVVZFoq3WRlHtVu1pmnKDVQdopTeNKKU3lMZvmJZZfT3lO2OEHiet1qpYyRN0ywUCq7rdjqdarVar9cBQC3+94crACAEZTJGqZTIZIxkUu90woWF5uHDecfR0mlD10kYiijiiYSu6+QrkrOvrM9WwSknvZ+MpQzlVsGpceXh9h8hlEgmdO3mKjMFAASkVm1sjUtJAEqImhj2r4QbrlV9oxVFUQPaatACSb6wk1xAKpk9cTwvpRQcgdzpvztCCP37Z0c7XpROMgD4+te/roKbn15bwBhfvPDxo48+bhifSdOgFH/725vl55228Lzo1MlhCbBvOIUwHDlS3KhFjOFkiggO8kuOjwIAICDV9fpnBCeBUsKY5vu3Cw416m1lKLcvuO1AAuiaderkGQDgMQKJAYBSSudW/nXDf/f2ZZbPDwDKGyfL26/6PPQvkFI064Lgv7q/x/jihhBaXPnoh//4jq7rCIALqZxV9a2aNAkhrq3+avOCrb8uunkTZU9vPKPaqXuzWNz3e0E78+W6WYTQ2aXXm9H7tyvHwxXcNnGjaBRqFe+JY4/TbDb35OmTK803GGNfoL/o3mM3/ae4cTlC4PvRyOAZ27nDPtgPCyeOn3z747817zijfnDKCARulx8//B8e+EYPhHw+d+LUsXrvfcboTcFtldHt8kKfkcUX45bTPu+qG8cRgiiK8tnDuVwOXb16tVAoLi4uhWH4+/kDYoKLhbxp7SDVDCGkslZttzs7lEFqmHqhkGfsy6StUwPq8vJKFEVfiXkEAAAghIoDhV7P+/+YRuUvUQ73EwAAAABJRU5ErkJggg==', NULL, '2015-02-11 17:09:42', '1');

--
-- Ограничения внешнего ключа сохраненных таблиц
--

--
-- Ограничения внешнего ключа таблицы `comment`
--
ALTER TABLE `comment`
  ADD CONSTRAINT `comment_ibfk_1` FOREIGN KEY (`post_id`) REFERENCES `post` (`id`) ON DELETE CASCADE ON UPDATE CASCADE,
  ADD CONSTRAINT `comment_ibfk_2` FOREIGN KEY (`user_id`) REFERENCES `user` (`id`) ON DELETE CASCADE ON UPDATE CASCADE;

--
-- Ограничения внешнего ключа таблицы `comment_plus_minus`
--
ALTER TABLE `comment_plus_minus`
  ADD CONSTRAINT `comment_plus_minus_ibfk_1` FOREIGN KEY (`comment_id`) REFERENCES `comment` (`id`) ON DELETE CASCADE ON UPDATE CASCADE,
  ADD CONSTRAINT `comment_plus_minus_ibfk_2` FOREIGN KEY (`user_id`) REFERENCES `user` (`id`) ON DELETE CASCADE ON UPDATE CASCADE;

--
-- Ограничения внешнего ключа таблицы `favorites`
--
ALTER TABLE `favorites`
  ADD CONSTRAINT `favorites_ibfk_1` FOREIGN KEY (`post_id`) REFERENCES `post` (`id`) ON DELETE CASCADE ON UPDATE CASCADE,
  ADD CONSTRAINT `favorites_ibfk_2` FOREIGN KEY (`user_id`) REFERENCES `user` (`id`) ON DELETE CASCADE ON UPDATE CASCADE;

--
-- Ограничения внешнего ключа таблицы `favorite_comments`
--
ALTER TABLE `favorite_comments`
  ADD CONSTRAINT `favorite_comments_ibfk_1` FOREIGN KEY (`comment_id`) REFERENCES `comment` (`id`) ON DELETE CASCADE ON UPDATE CASCADE,
  ADD CONSTRAINT `favorite_comments_ibfk_2` FOREIGN KEY (`user_id`) REFERENCES `user` (`id`) ON DELETE CASCADE ON UPDATE CASCADE;

--
-- Ограничения внешнего ключа таблицы `plus_minus`
--
ALTER TABLE `plus_minus`
  ADD CONSTRAINT `plus_minus_ibfk_1` FOREIGN KEY (`post_id`) REFERENCES `post` (`id`) ON DELETE CASCADE ON UPDATE CASCADE,
  ADD CONSTRAINT `plus_minus_ibfk_2` FOREIGN KEY (`user_id`) REFERENCES `user` (`id`) ON DELETE CASCADE ON UPDATE CASCADE;

--
-- Ограничения внешнего ключа таблицы `post`
--
ALTER TABLE `post`
  ADD CONSTRAINT `post_ibfk_1` FOREIGN KEY (`user_id`) REFERENCES `user` (`id`) ON DELETE CASCADE ON UPDATE CASCADE;

--
-- Ограничения внешнего ключа таблицы `profile`
--
ALTER TABLE `profile`
  ADD CONSTRAINT `fk_user_profile` FOREIGN KEY (`user_id`) REFERENCES `user` (`id`) ON DELETE CASCADE;

--
-- Ограничения внешнего ключа таблицы `social_account`
--
ALTER TABLE `social_account`
  ADD CONSTRAINT `fk_user_account` FOREIGN KEY (`user_id`) REFERENCES `user` (`id`) ON DELETE CASCADE;

--
-- Ограничения внешнего ключа таблицы `tag_ignore`
--
ALTER TABLE `tag_ignore`
  ADD CONSTRAINT `tag_ignore_ibfk_2` FOREIGN KEY (`user_id`) REFERENCES `user` (`id`) ON DELETE CASCADE ON UPDATE CASCADE,
  ADD CONSTRAINT `tag_ignore_ibfk_1` FOREIGN KEY (`tag_id`) REFERENCES `tag` (`id`) ON DELETE CASCADE ON UPDATE CASCADE;

--
-- Ограничения внешнего ключа таблицы `tag_subscription`
--
ALTER TABLE `tag_subscription`
  ADD CONSTRAINT `tag_subscription_ibfk_2` FOREIGN KEY (`user_id`) REFERENCES `user` (`id`) ON DELETE CASCADE ON UPDATE CASCADE,
  ADD CONSTRAINT `tag_subscription_ibfk_1` FOREIGN KEY (`tag_id`) REFERENCES `tag` (`id`) ON DELETE CASCADE ON UPDATE CASCADE;

--
-- Ограничения внешнего ключа таблицы `tag_to_post`
--
ALTER TABLE `tag_to_post`
  ADD CONSTRAINT `tag_to_post_ibfk_1` FOREIGN KEY (`tag_id`) REFERENCES `tag` (`id`) ON DELETE CASCADE ON UPDATE CASCADE,
  ADD CONSTRAINT `tag_to_post_ibfk_2` FOREIGN KEY (`post_id`) REFERENCES `post` (`id`) ON DELETE CASCADE ON UPDATE CASCADE;

--
-- Ограничения внешнего ключа таблицы `token`
--
ALTER TABLE `token`
  ADD CONSTRAINT `fk_user_token` FOREIGN KEY (`user_id`) REFERENCES `user` (`id`) ON DELETE CASCADE;

--
-- Ограничения внешнего ключа таблицы `user_ignore`
--
ALTER TABLE `user_ignore`
  ADD CONSTRAINT `user_ignore_ibfk_2` FOREIGN KEY (`user_id`) REFERENCES `user` (`id`) ON DELETE CASCADE ON UPDATE CASCADE,
  ADD CONSTRAINT `user_ignore_ibfk_1` FOREIGN KEY (`ignored_id`) REFERENCES `user` (`id`) ON DELETE CASCADE ON UPDATE CASCADE;

--
-- Ограничения внешнего ключа таблицы `user_subscription`
--
ALTER TABLE `user_subscription`
  ADD CONSTRAINT `user_subscription_ibfk_2` FOREIGN KEY (`user_id`) REFERENCES `user` (`id`) ON DELETE CASCADE ON UPDATE CASCADE,
  ADD CONSTRAINT `user_subscription_ibfk_1` FOREIGN KEY (`follower_id`) REFERENCES `user` (`id`) ON DELETE CASCADE ON UPDATE CASCADE;

/*!40101 SET CHARACTER_SET_CLIENT=@OLD_CHARACTER_SET_CLIENT */;
/*!40101 SET CHARACTER_SET_RESULTS=@OLD_CHARACTER_SET_RESULTS */;
/*!40101 SET COLLATION_CONNECTION=@OLD_COLLATION_CONNECTION */;
